Date,Close,High,Low,Open,Volume
2022-07-11,15.127662658691406,15.502060318211557,15.013845450277405,15.501061520744424,437321000
2022-07-12,15.05777359008789,15.406212969174792,14.85310295738434,15.243474689136713,458483000
2022-07-13,15.139641761779785,15.350303276177021,14.441765153311936,14.56656436693939,521918000
2022-07-14,15.347309112548828,15.44814671796971,14.704343457142825,15.083733212382363,456235000
2022-07-15,15.736680030822754,15.756647407738981,15.420188870669334,15.63384580216969,385935000
2022-07-18,16.075136184692383,16.8698570674019,15.976296187145689,16.275813524039364,670517000
2022-07-19,16.964704513549805,17.082514988008967,16.146022071859953,16.45951683745517,702366000
2022-07-20,17.77839469909668,17.904193653189743,16.774012086751018,16.919777466324557,760538000
2022-07-21,18.0210018157959,18.11485066717971,17.516813938908633,17.856267879415007,557049000
2022-07-22,17.291179656982422,17.93813754600972,17.109470902798687,17.86425701094861,536671000
2022-07-25,16.99665641784668,17.09649617987304,16.62225873846163,16.991663382388573,480748000
2022-07-26,16.50644302368164,16.891822649479725,16.451531068699488,16.861870154684528,397865000
2022-07-27,17.761423110961914,17.907188485590435,16.885831113737122,17.004639434525583,569776000
2022-07-28,17.955110549926758,18.11086009552277,17.411985687188125,17.946126134465974,474646000
2022-07-29,18.133825302124023,18.214694569102246,17.663581188162542,17.784387118127725,435460000
2022-08-01,18.411378860473633,18.815729008879483,17.96110307249906,18.15279410603998,476469000
2022-08-02,18.49623680114746,18.907575572649066,18.06293401278298,18.092886502919637,489527000
2022-08-03,18.862651824951172,18.937532114170036,18.10786566973609,18.154791057227346,418146000
2022-08-04,19.184133529663086,19.243038768382238,18.729864509468054,18.818722242281332,409652000
2022-08-05,18.95849609375,19.19811032548753,18.636015011697438,18.7797827890261,386068000
2022-08-08,17.76441764831543,18.2097022715193,17.214304052200333,17.473886632127186,981859000
2022-08-09,17.05855369567871,17.418973850532034,16.697135695647425,17.224287400886112,668263000
2022-08-10,18.067934036254883,18.088900216176043,17.289186130000665,17.669574713467647,597422000
2022-08-11,17.913177490234375,18.67694989267418,17.84728352756443,18.101874963139256,509327000
2022-08-12,18.67894744873047,18.687933769017686,17.92416129028976,18.130829518331936,478094000
2022-08-15,19.00143051147461,19.133218463446653,18.58310478628588,18.670962786172225,457666000
2022-08-16,18.84867286682129,19.11125087643797,18.47127981939262,18.889607370873275,451240000
2022-08-17,18.3055477142334,18.657981332845214,18.115854280880267,18.49324736132435,446799000
2022-08-18,18.742843627929688,18.83469489391409,18.15379125601455,18.271601730397578,415447000
2022-08-19,17.820331573486328,18.490253330046265,17.74145799231606,18.376436118791393,441588000
2022-08-22,17.006633758544922,17.529792073469938,16.938742214416727,17.461900529341744,409593000
2022-08-23,17.15340232849121,17.436946542201706,16.94274081093071,16.961711297149357,369986000
2022-08-24,17.1943416595459,17.378046171524556,16.867867155377258,16.984677928467914,522661000
2022-08-25,17.884225845336914,17.918171626071466,16.805960762250074,16.816942772656006,770691000
2022-08-26,16.233882904052734,17.895209693014834,16.210919131366463,17.82831787419481,769127000
2022-08-29,15.775619506835938,16.311756661031318,15.741674674911415,15.994268556184212,496132000
2022-08-30,15.443154335021973,16.013236290955273,15.157613482274343,15.934363667656111,530181000
2022-08-31,15.069754600524902,15.515038296538872,14.934971220455097,15.359288739854978,573710000
2022-09-01,13.914612770080566,14.356901003294752,13.248684378970617,14.186175206862451,1178865000
2022-09-02,13.625078201293945,14.14823567963121,13.569167449536392,14.077350584914733,743157000
2022-09-06,13.443370819091797,13.756866558635831,13.329553621636906,13.70894332767748,535751000
2022-09-07,13.696040153503418,13.819878314045399,13.328522048866603,13.545237877389667,512657000
2022-09-08,13.971678733825684,13.989655763301307,13.35149264648823,13.441373984164738,624873000
2022-09-09,14.368158340454102,14.455044295388618,14.107500475650557,14.138459061636421,486612000
2022-09-12,14.486002922058105,14.527947731810595,14.179404839818012,14.350181361214242,484159000
2022-09-13,13.113802909851074,13.903767364016517,13.081845229225642,13.783924633033108,714956000
2022-09-14,13.110806465148926,13.27259399594672,12.896087899117584,13.236640893849893,588507000
2022-09-15,12.912069320678711,13.215671132338676,12.773251402722765,12.997957145239825,523625000
2022-09-16,13.180716514587402,13.19469811993345,12.600477035450059,12.72531334171146,670751000
2022-09-19,13.364474296569824,13.445368542937578,12.99296174366855,12.994958979609367,569685000
2022-09-20,13.158743858337402,13.46534195963584,13.039900223317943,13.19769329297533,524818000
2022-09-21,13.243634223937988,14.012626355851008,13.092831937590079,13.195697697748727,807679000
2022-09-22,12.544550895690918,13.1317811906846,12.411725641921524,13.052884170953144,759162000
2022-09-23,12.49960994720459,12.594485810282588,12.240949285952915,12.403735942235254,663309000
2022-09-26,12.211984634399414,12.642420860837374,12.198003031202267,12.474640670046318,547343000
2022-09-27,12.396744728088379,12.719321699428077,12.241947974198776,12.490621493735635,553854000
2022-09-28,12.719321250915527,12.806207210789621,12.337821540927935,12.393747960630728,542414000
2022-09-29,12.203996658325195,12.483629696855662,11.930355327743255,12.431697751600325,532763000
2022-09-30,12.123101234436035,12.616454666511402,12.059184927057526,12.071169294217576,565638000
2022-10-03,12.495614051818848,12.661397019747188,12.089146528346182,12.330830178093539,547478000
2022-10-04,13.14975643157959,13.202687472797923,12.862133487134708,12.862133487134708,584182000
2022-10-05,13.191699981689453,13.30355376155447,12.604470732780348,12.894090885519283,507131000
2022-10-06,13.112805366516113,13.638116551801618,13.085840298412162,13.20268765696208,644157000
2022-10-07,12.060185432434082,12.653407390361005,12.00625625011576,12.488623513159082,672478000
2022-10-10,11.654716491699219,12.108121431783047,11.3930595354897,12.02123547777354,698699000
2022-10-11,11.570826530456543,11.830485290733634,11.26822291287926,11.545858700912863,667482000
2022-10-12,11.484938621520996,11.719630502652882,11.330141889388276,11.563835628802222,492590000
2022-10-13,11.944337844848633,12.062183348670452,10.798839583929336,10.956632667736919,850103000
2022-10-14,11.212296485900879,12.095138555665246,11.18932684468692,12.041209377307327,713432000
2022-10-17,11.872430801391602,11.932352643403792,11.501917332402892,11.502915474188297,580774000
2022-10-18,11.951327323913574,12.475639372211802,11.602784417601008,12.327833437876679,659362000
2022-10-19,12.035215377807617,12.33382449005694,11.81849959434434,11.863440730045152,523131000
2022-10-20,12.178028106689453,12.752274760648364,12.089143981086256,12.09713387575092,652398000
2022-10-21,12.44967269897461,12.481631329078258,11.871431503871706,12.082154643546934,609494000
2022-10-24,12.582500457763672,12.69335515427323,12.048201240588062,12.491620026626292,517457000
2022-10-25,13.243634223937988,13.282583663418823,12.647415881475542,12.67737728182248,505482000
2022-10-26,12.879111289978027,13.370466592779119,12.691357769324208,12.852147174952409,532953000
2022-10-27,13.158743858337402,13.819877533588544,13.104814677814026,13.61214975532052,583113000
2022-10-28,13.815881729125977,13.83186152118797,13.043894336346346,13.086838241715473,521040000
2022-10-31,13.47932243347168,13.819876374747915,13.279584568203138,13.75995453895472,486341000
2022-11-01,13.525263786315918,13.90676347391886,13.50129505001384,13.792912452696658,432817000
2022-11-02,13.20168685913086,14.191389115723172,13.193697915853496,13.83186095275916,672628000
2022-11-03,13.403420448303223,13.762949523055708,12.939030314123222,13.02591625320836,500065000
2022-11-04,14.13746166229248,14.21036601692471,13.679062174776115,13.967684215423516,612576000
2022-11-07,14.282270431518555,14.393125122055553,13.935725708295829,14.209366081203711,410061000
2022-11-08,14.582877159118652,14.871498236897642,14.197382040182664,14.781615950345596,595292000
2022-11-09,13.757960319519043,14.192391105096668,13.740982382953218,14.143454531625968,454414000
2022-11-10,15.729373931884766,15.75234357507586,14.527949302036653,14.78061823441489,700819000
2022-11-11,16.305618286132812,16.367537366980358,15.461725560041561,15.786299758724766,655487000
2022-11-14,16.273658752441406,16.518338717650273,15.901147120330615,16.196759933471668,527852000
2022-11-15,16.644174575805664,16.975738615290787,16.36054610593409,16.70010099439711,545876000
2022-11-16,15.889164924621582,16.340572673265275,15.852213675087597,16.140835725955686,649547000
2022-11-17,15.656469345092773,16.244698687867267,15.514655111106975,15.694419686718572,710894000
2022-11-18,15.388819694519043,15.981043471785322,15.10019767858643,15.945089416031916,492072000
2022-11-21,15.296941757202148,15.45673207416043,15.060251659699267,15.12716430732762,404739000
2022-11-22,16.016998291015625,16.036972558111696,15.102197430405885,15.30792800033822,472866000
2022-11-23,16.497365951538086,16.505356800578657,16.026984003688426,16.076917762150764,427241000
2022-11-25,16.24869155883789,16.465406408074,16.15082033660223,16.296629028257563,167934000
2022-11-28,15.80627155303955,16.335578114870664,15.704405855375358,16.00501033484104,303741000
2022-11-29,15.618518829345703,15.9111353323506,15.499675191959904,15.806272346937764,298384000
2022-11-30,16.905160903930664,16.912153494374177,15.580558497425681,15.68045251052316,565298000
2022-12-01,17.116939544677734,17.246801683339985,16.617466556173586,16.98108321190143,470977000
2022-12-02,16.85820960998535,16.915150636132893,16.42766419266872,16.641439305658572,371389000
2022-12-05,16.592491149902344,16.977085530136808,16.454636135070988,16.66141865731802,352255000
2022-12-06,15.970148086547852,16.55552985566231,15.802324959390125,16.512575914907618,352694000
2022-12-07,16.103010177612305,16.16894059762961,15.650486623430005,15.7553764476407,372388000
2022-12-08,17.15089988708496,17.160889573039334,15.942174561334516,16.25584460322099,515456000
2022-12-09,16.983076095581055,17.564463251970096,16.95710443596456,17.14190886566031,465338000
2022-12-12,17.516515731811523,17.5195128285567,16.779294713991607,17.01904149488724,457328000
2022-12-13,18.052946090698242,18.770189471040492,17.69232665405481,18.511461773166324,656589000
2022-12-14,17.655366897583008,18.23275855990704,17.401634967765297,17.968036641644655,496888000
2022-12-15,16.934125900268555,17.301737920767152,16.682392700233958,17.127921595408722,478542000
2022-12-16,16.55353355407715,17.023039400348072,16.39270394689365,16.846225910038616,478232000
2022-12-19,16.236865997314453,16.591491326415667,16.127981643599433,16.554531578863497,354039000
2022-12-20,16.06804656982422,16.292809815920624,15.835293287085545,16.04706879387778,403260000
2022-12-21,16.483610153198242,16.60947872684338,16.08503046488895,16.097018855397344,325025000
2022-12-22,15.322831153869629,16.120989680017022,14.866313091281313,16.077035434762546,565045000
2022-12-23,15.189972877502441,15.322832113426353,14.86731337215991,15.179983189076383,349326000
2022-12-27,14.106115341186523,15.08408346858157,14.041183324202558,15.058110852321793,464902000
2022-12-28,14.02120590209961,14.246967523902235,13.869365687694097,13.912320585471353,351066000
2022-12-29,14.587605476379395,14.667521065652995,14.212002397327266,14.38681810611413,354923000
2022-12-30,14.598594665527344,14.613578243254633,14.217995786415349,14.318889147477543,310490000
2023-01-03,14.299909591674805,14.980192432307444,14.081140585137454,14.835344825073602,401277000
2023-01-04,14.733451843261719,14.837342302451898,14.225987933937839,14.5516444923479,431324000
2023-01-05,14.24996566772461,14.548650321631607,14.13308840129548,14.475727306111375,389168000
2023-01-06,14.84333610534668,14.994176946626181,14.019205996590792,14.45874173703761,405044000
2023-01-09,15.611525535583496,16.03907384357529,15.125038456294371,15.267888310654865,504231000
2023-01-10,15.892230033874512,15.94517366128145,15.455690420036634,15.490653372601406,384101000
2023-01-11,15.984131813049316,16.011103777484436,15.546593810156406,15.823302234215715,353285000
2023-01-12,16.493593215942383,16.619459833672344,15.475667427433098,16.083027207439695,551409000
2023-01-13,16.88118553161621,16.904162001817628,16.147960048723682,16.260839889557317,447287000
2023-01-17,17.68334197998047,17.709315551841687,16.881188834859515,16.881188834859515,511102000
2023-01-18,17.358680725097656,17.85415619050999,17.263779661511762,17.648373995471697,439624000
2023-01-19,16.74732780456543,17.17887355641003,16.713365152180454,17.018042058487556,452932000
2023-01-20,17.8201961517334,17.837178429750637,16.80726509622476,16.993067946601407,564967000
2023-01-23,19.172771453857422,19.224716691811057,17.799220697894288,18.04495979923427,655163000
2023-01-24,19.244691848754883,19.474450850170054,18.800161235154988,18.80715382585874,496204000
2023-01-25,19.302631378173828,19.349582719059857,18.560414551747876,18.893063715882672,449537000
2023-01-26,19.781126022338867,20.14474263652142,19.25767822252368,19.680232657858443,489535000
2023-01-27,20.343530654907227,20.606253883767415,19.384543617188243,19.441482734234384,542142000
2023-01-30,19.141799926757812,20.11876764644554,19.129811540746857,19.928969317759073,488611000
2023-01-31,19.516407012939453,19.66624851924581,18.930025867048208,19.14979328260832,498017000
2023-02-01,20.920923233032227,21.169659387182808,19.590326660737446,19.670242250628736,660477000
2023-02-02,21.686115264892578,21.925862042165335,20.67818002215878,20.97786301741522,564276000
2023-02-03,21.077754974365234,21.72207541802909,20.767082033794136,20.97786002176547,429366000
2023-02-06,21.0667667388916,21.5472586184604,20.764084787014387,20.784064158457067,452197000
2023-02-07,22.14962387084961,22.235533645141338,21.127701678917113,21.35945743743857,664150000
2023-02-08,22.181591033935547,22.853881881192613,21.98479821168747,22.363398373809797,559651000
2023-02-09,22.313451766967773,22.99573229825379,22.09668147789324,22.58216918763524,523876000
2023-02-10,21.242582321166992,22.05472500108008,20.789062350237074,21.667135439240298,550737000
2023-02-13,21.765031814575195,22.024757958584203,20.93990234696834,21.515295357490146,474919000
2023-02-14,22.946788787841797,23.024705690240783,21.343479041145304,21.55525548230403,675474000
2023-02-15,22.74000358581543,22.830907263123883,22.082698167631655,22.52523007264076,420575000
2023-02-16,21.978805541992188,22.526226251527607,21.903883847439104,22.109666050196253,412026000
2023-02-17,21.365455627441406,21.717083871627388,20.952890859592024,21.608199514245356,465888000
2023-02-21,20.633224487304688,21.471338740374534,20.596262840309503,20.97786007402784,410015000
2023-02-22,20.732120513916016,21.08175191942392,20.399471384893207,20.6851710833237,513184000
2023-02-23,23.639055252075195,23.862820062689913,23.0007288852004,23.415292346798566,1117995000
2023-02-24,23.26145362854004,23.449257089535415,22.922812171124363,23.200519010604086,589716000
2023-02-27,23.476226806640625,23.854827009250346,23.429277371082858,23.645049286961875,452994000
2023-02-28,23.191526412963867,23.79988559289662,23.1815367258424,23.347362102450354,455963000
2023-03-01,22.674074172973633,23.231486553591107,22.48427391696802,23.167552933250114,460026000
2023-03-02,23.2894229888916,23.355353400499368,22.40835276964801,22.464295399339527,389415000
2023-03-03,23.86481285095215,23.874802536880523,23.10561386843544,23.29541409039906,412393000
2023-03-06,23.529172897338867,24.22243969976959,23.462242179784383,23.865817563448918,437429000
2023-03-07,23.26740264892578,24.10366224367853,23.220443334628193,23.579126969767078,515154000
2023-03-08,24.159608840942383,24.178593039415297,23.40327852623449,23.466222520970515,513573000
2023-03-09,23.415273666381836,24.432372980969312,23.36231913782545,24.153618497967933,501257000
2023-03-10,22.94468879699707,23.60610394776299,22.705899859992172,23.388296345871805,474866000
2023-03-13,22.945688247680664,23.277395355394315,22.2772811984554,22.73187871576052,421890000
2023-03-14,24.041715621948242,24.197577774691457,23.439248344671885,23.475217706481274,474910000
2023-03-15,24.206571578979492,24.264518937841256,23.33933927282555,23.739983668370748,524486000
2023-03-16,25.518413543701172,25.565370958481,23.872868779502166,24.005752489173542,583253000
2023-03-17,25.702247619628906,26.375651279421106,25.645296921004547,25.95902028263856,848547000
2023-03-20,25.87708854675293,26.000979405508424,25.107769229375986,25.592340809458843,432747000
2023-03-21,26.17582893371582,26.36865903671038,25.358553488198883,26.156846636843376,547408000
2023-03-22,26.444591522216797,27.56460037448036,26.213794924295495,26.40162837848802,797295000
2023-03-23,27.16695213317871,27.474680300568725,26.666395768826245,27.091019134511235,564889000
2023-03-24,26.755313873291016,27.142971183393072,26.331689105706722,27.007091792651533,454920000
2023-03-27,26.507535934448242,26.97612101034624,26.341682380127203,26.81326506197413,361026000
2023-03-28,26.386640548706055,26.489550086858387,25.827136394951317,26.42360847823861,356104000
2023-03-29,26.960132598876953,27.054049321086534,26.57347575940691,26.801274739572264,393694000
2023-03-30,27.358781814575195,27.47468035198424,27.07803019459777,27.204918683423134,364516000
2023-03-31,27.752431869506836,27.809380660660256,27.08102536446216,27.115994254760153,433933000
2023-04-03,27.940265655517578,27.97523454624746,27.311822283407086,27.48466960367856,398716000
2023-04-04,27.4287166595459,27.97523371673916,27.282845889494656,27.941263393705515,368592000
2023-04-05,26.857227325439453,26.97412252588098,26.371657076286322,26.8052732678004,515015000
2023-04-06,27.01308250427246,27.056043732756507,26.40362152801034,26.56048222709689,397654000
2023-04-10,27.554607391357422,27.59657006024275,26.645412420852104,26.7992755400983,395279000
2023-04-11,27.144968032836914,27.76541901115848,27.1020048950003,27.699477407319026,314378000
2023-04-12,26.471567153930664,27.443706150535657,26.42460783917617,27.345793254176353,446259000
2023-04-13,26.439592361450195,26.863217112653786,26.305712014928602,26.71035256577281,353615000
2023-04-14,26.734331130981445,26.85922056456347,26.196806902127364,26.480556091603322,395660000
2023-04-17,26.978118896484375,26.982115069024893,26.409621904454085,26.541505126599592,321471000
2023-04-18,27.64253044128418,28.08513943393583,27.332805146499545,27.508650082334086,604812000
2023-04-19,27.90629768371582,27.975236904297546,27.20791647127858,27.336802094498506,358660000
2023-04-20,27.08002471923828,28.005206202430383,26.97611662299647,27.646522604245416,427713000
2023-04-21,27.095016479492188,27.158960962765864,26.69836821134885,26.928164350822538,345103000
2023-04-24,27.018081665039062,27.341794498427166,26.647409518060194,26.989107985798988,339282000
2023-04-25,26.217788696289062,27.22289939376249,26.20180400715183,27.05404825153496,378527000
2023-04-26,26.932157516479492,27.305827272348722,26.68138006807285,26.978118263771744,406337000
2023-04-27,27.20191764831543,27.470680716229086,26.601449417885966,27.338797504535222,377161000
2023-04-28,27.724456787109375,27.733447698531908,27.047055069952613,27.200920093090993,292216000
2023-05-01,28.884429931640625,29.03229974718171,27.755430216862095,27.81537661530885,570329000
2023-05-02,28.185049057006836,28.810496754933304,28.058162478439368,28.654634590232256,402730000
2023-05-03,27.77741050720215,28.341911325325526,27.44770245263645,27.815377004737694,383387000
2023-05-04,27.537622451782227,27.834358742105735,27.21590674873428,27.626542529378735,321850000
2023-05-05,28.654630661010742,28.72956317440286,27.706470718340587,27.801385997568506,361494000
2023-05-08,29.125215530395508,29.194154745050692,28.32492531170623,28.49677215933893,344979000
2023-05-09,28.545726776123047,28.94737161540953,28.42483542221699,28.873437666396427,314869000
2023-05-10,28.859453201293945,29.087252189450044,28.435828416964906,28.97934600141485,369350000
2023-05-11,28.552722930908203,28.92439555714759,28.221017746526314,28.870442464415532,322149000
2023-05-12,28.3149356842041,28.754547072904792,28.02119507868358,28.503767705541893,274222000
2023-05-15,28.92738914489746,28.943375739340738,28.12709896933045,28.48278306832434,293926000
2023-05-16,29.187164306640625,29.843584771006334,28.806502638110807,28.81549355064841,449405000
2023-05-17,30.151308059692383,30.17228939441913,29.403970448812785,29.557833570142268,432535000
2023-05-18,31.649980545043945,31.799847490043984,30.293181883981152,30.383102432113493,748725000
2023-05-19,31.23634910583496,31.55206961057156,30.888657314495276,31.508107900453748,473908000
2023-05-22,31.148426055908203,31.49212165768894,30.652864468171376,30.87366776329227,372000000
2023-05-23,30.660856246948242,31.260325929202107,30.603907456096916,30.972580557946717,356253000
2023-05-24,30.5109920501709,30.57993126993221,29.779639086305995,30.183281114614353,721419000
2023-05-25,37.946407318115234,39.44508061098546,36.60259571255149,38.488926318360186,1543911000
2023-05-26,38.911556243896484,39.13535716800428,37.516790924073234,37.8564903887327,714397000
2023-05-30,40.075523376464844,41.90090712766281,39.91366790954096,40.559096455146374,923401000
2023-05-31,37.800537109375,40.259358998541856,37.78854668617227,39.45307354763965,1002580000
2023-06-01,39.73482894897461,40.01458010495206,38.30609329724924,38.45495978773049,635873000
2023-06-02,39.292213439941406,40.46417621230153,39.02345037446548,40.061532803064914,482731000
2023-06-05,39.13634490966797,39.52999351322453,38.672754732161266,38.874575677362174,396094000
2023-06-06,38.61981201171875,39.125365001144544,38.11425902229296,38.79565884971586,388729000
2023-06-07,37.44572448730469,39.46814549212033,37.32681796379226,38.88460205575025,511998000
2023-06-08,38.479915618896484,38.83363917760187,37.47570343519659,37.694530316754765,417772000
2023-06-09,38.739715576171875,39.67997860030122,38.53687503234718,39.00650530356787,427717000
2023-06-12,39.4511604309082,39.499123275212575,38.58783685686491,39.16938300880245,388701000
2023-06-13,40.989959716796875,41.06890039349555,39.70896332197463,40.154614126267326,613208000
2023-06-14,42.96341323852539,42.966409248322705,40.52031971750945,40.79211040782438,740465000
2023-06-15,42.61968994140625,43.255194841743766,42.11408458461737,42.5687310811785,568622000
2023-06-16,42.658653259277344,43.6868488037051,42.62767543128522,43.416060581927226,655709000
2023-06-20,43.77378463745117,43.95564551444472,42.64067141901623,42.96441968644821,451153000
2023-06-21,43.011375427246094,43.58093370313804,42.04713285457767,43.467020523272616,551603000
2023-06-22,42.991397857666016,43.39208183010409,42.20101528373677,42.21999763880809,417737000
2023-06-23,42.176029205322266,42.77555900672088,41.98218049927132,42.43083108618956,358140000
2023-06-26,40.60026168823242,42.73059631968799,40.06867574743641,42.42783159494467,594322000
2023-06-27,41.843292236328125,41.90724142585059,40.41640998353972,40.767133761708735,462175000
2023-06-28,41.08488845825195,41.81232053515092,40.48635724932419,40.62824464055819,582639000
2023-06-29,40.79010772705078,41.56749981768069,40.568281035412234,41.52553281178783,380514000
2023-06-30,42.26895523071289,42.51676261089797,41.468582218513255,41.647443251980995,501148000
2023-07-03,42.3798713684082,42.86449316721701,42.169037634447896,42.48379023030001,198209000
2023-07-05,42.28395462036133,43.143279816552536,42.0521335401683,42.10209373119875,323618000
2023-07-06,42.07011413574219,42.14605498586675,41.31370545626282,41.81131756799603,303582000
2023-07-07,42.46979904174805,43.18024602401447,42.14705329030634,42.288940665727566,355881000
2023-07-10,42.147056579589844,42.77756426984942,41.616469261927726,42.623685218893456,353908000
2023-07-11,42.37187957763672,42.72460451753315,42.03414612426581,42.44782043348418,298244000
2023-07-12,43.867706298828125,43.90068146612332,42.74358509464824,42.99938563817074,481277000
2023-07-13,45.94109344482422,46.11895201895111,44.45725261049975,44.48323328046501,478204000
2023-07-14,45.43348693847656,48.05044077711324,45.024806002911156,46.54661523204283,772075000
2023-07-17,46.424713134765625,46.45968564777863,45.22665203775024,46.25285039179776,510488000
2023-07-18,47.45690155029297,47.85858797189123,45.69827797708258,46.66452170058574,569164000
2023-07-19,47.040225982666016,47.780648286916495,46.705488579051746,47.4269247186503,427502000
2023-07-20,45.48444747924805,47.05022493000669,45.02680501298147,46.47067610405814,537865000
2023-07-21,44.274391174316406,45.83017811976025,44.06555477681696,45.75223611318822,963769000
2023-07-24,44.5771484375,45.07376182575431,44.005596688922395,44.69605495582579,382516000
2023-07-25,45.6433219909668,46.14692613209552,44.88791196755602,44.90589946333249,348081000
2023-07-26,45.41649627685547,46.017028562917005,44.59513975878737,45.985052064508444,364237000
2023-07-27,45.8641471862793,47.35797831429428,45.71426283263286,46.48266314205839,455976000
2023-07-28,46.71348190307617,46.99026595538216,46.34477066056632,46.63154522435899,331194000
2023-07-31,46.692501068115234,47.09318883138378,46.469675675562414,46.717483065836525,251055000
2023-08-01,46.47066879272461,46.86336333707945,45.99104422518508,46.42370462471362,237858000
2023-08-02,44.23442459106445,45.80419670368741,43.353113509905164,45.79520486142881,530142000
2023-08-03,44.480224609375,45.08275419071188,43.765783009489404,43.765783009489404,324176000
2023-08-04,44.645103454589844,45.60635008188567,44.35832886320504,44.94986554244231,362666000
2023-08-07,45.38153076171875,45.50443580088547,44.52819761374418,45.07576998074253,322154000
2023-08-08,44.629112243652344,45.206659855456344,44.02158547433781,44.81796378324031,353843000
2023-08-09,42.52075958251953,44.277385732589195,42.101085685540646,44.23941340389369,586449000
2023-08-10,42.35489273071289,43.53996721168232,41.80232325660613,42.12707017302428,492705000
2023-08-11,40.82309341430664,41.98518717020068,40.60726249812491,41.7183935825012,533085000
2023-08-14,43.71882629394531,43.76579047022575,40.279517041963544,40.454379600754656,690286000
2023-08-15,43.90568161010742,45.2326473732039,43.67586169687328,44.52520013627042,676512000
2023-08-16,43.45204162597656,44.64011230659545,43.37210226875209,44.48523456662097,527451000
2023-08-17,43.31014633178711,44.027584017095954,42.96741192711898,43.93565682241001,452395000
2023-08-18,43.26517868041992,43.543960081000186,41.62745897404412,42.601695871064955,583768000
2023-08-21,46.9303092956543,47.02823231293925,44.187454706592696,44.45924158481258,692573000
2023-08-22,45.63232421875,48.14935742594029,45.29758682975093,48.097396095838995,755293000
2023-08-23,47.079200744628906,47.1631347697341,45.172690060210584,45.830177068585726,779046000
2023-08-24,47.126155853271484,50.22673252136096,47.12216117350295,50.17677234223293,1156044000
2023-08-25,45.98206329345703,47.76766646596761,44.98883627533257,46.975286499863365,925341000
2023-08-28,46.79841613769531,46.94330333520207,44.852938347469795,46.44569122659898,685192000
2023-08-29,48.74589157104492,49.04266044648469,46.35475936686293,46.62954606851407,701397000
2023-08-30,49.22551727294922,49.88799757012422,48.38717195801793,49.005687906612565,735206000
2023-08-31,49.31645202636719,49.70514814643913,48.9197627338808,49.34143402541549,528570000
2023-09-01,48.471107482910156,49.76109942188399,48.10439357486219,49.72313090360501,463830000
2023-09-05,48.51007843017578,48.81284315295678,47.82261611647607,48.185331532444785,382653000
2023-09-06,47.02811813354492,48.515077394105326,46.54745522657099,48.40715496062999,468670000
2023-09-07,46.20869064331055,46.311619313403384,45.120450870903866,45.4931913383561,433330000
2023-09-08,45.540157318115234,46.57343525598355,45.23936893896436,45.909901542782364,473069000
2023-09-11,45.14643478393555,46.130743345970416,44.28103874415618,46.11575443664463,473966000
2023-09-12,44.83864212036133,45.64108235714804,44.49987832466093,44.706734397330045,349256000
2023-09-13,45.453216552734375,45.89790529019353,44.47190049902718,44.56883283924793,398355000
2023-09-14,45.54916000366211,45.9548746176145,45.09947359536657,45.917901714854715,370097000
2023-09-15,43.86932373046875,45.567133950218214,43.77738515441512,45.309314822834715,506831000
2023-09-18,43.935279846191406,44.211087976394666,41.97065391873253,42.71813237686466,500271000
2023-09-19,43.48958969116211,43.93527718281478,42.971950102234956,43.80237069955783,373064000
2023-09-20,42.2094841003418,43.872322851544475,42.19349643912847,43.5695331686225,367108000
2023-09-21,40.988338470458984,42.07058192849427,40.95136557382746,41.55394487986268,450736000
2023-09-22,41.5809211730957,42.08556931771517,41.20218442357063,41.54294571690647,479236000
2023-09-25,42.1924934387207,42.506273177622504,41.14822175071883,41.56193389222181,419091000
2023-09-26,41.8817138671875,42.79007909728291,41.625892229485075,41.97165113191076,402282000
2023-09-27,42.438323974609375,42.84204482057062,41.59991333679484,42.30042372625329,444935000
2023-09-28,43.05888748168945,43.41563643301945,42.085569148140415,42.430325448929366,424663000
2023-09-29,43.46860122680664,44.11315092531868,43.27673406437453,43.796371119268684,397830000
2023-10-02,44.750701904296875,45.14342496714759,43.83034418769884,43.99922478728352,433298000
2023-10-03,43.48658752441406,45.098463094837925,43.2157769974795,44.77668570728605,470850000
2023-10-04,44.01021957397461,44.11214947428443,43.261742510276186,43.71142876219466,361821000
2023-10-05,44.656776428222656,44.86863010408986,43.85733614690028,44.019221707908876,393483000
2023-10-06,45.73002243041992,45.75700398969615,43.99523549081201,44.16211860779347,434436000
2023-10-09,45.24135971069336,45.57312842393476,44.3369933910708,44.81066115962172,409675000
2023-10-10,45.76599884033203,46.22667525132618,45.05649586993077,45.27834086872442,368582000
2023-10-11,46.77329635620117,46.82626072787499,46.01782405573412,46.16372195389678,378137000
2023-10-12,46.91219711303711,47.57573461020595,46.297628975923374,46.744315234099965,481325000
2023-10-13,45.42923355102539,47.0830797443062,45.24836026520754,46.92718670300792,474115000
2023-10-16,46.06278610229492,46.19269250254442,44.880610413399644,45.03150585760048,375099000
2023-10-17,43.90729904174805,44.72273077097073,42.45031760329598,43.96925599511655,812333000
2023-10-18,42.1665153503418,43.18880316775222,41.79577619709707,42.561239807706784,627294000
2023-10-19,42.07158660888672,43.26675013363428,41.85273785103801,42.781089631153165,501233000
2023-10-20,41.35807800292969,42.44032133844881,41.0492920242925,41.860724837875836,477266000
2023-10-23,42.94497299194336,43.21778487682209,40.91639251850647,41.200194491752654,478530000
2023-10-24,43.63248825073242,43.66646488934986,42.66117113532344,43.04689918780669,401463000
2023-10-25,41.74980163574219,43.619496263453854,41.52595915637694,43.367669662136635,398379000
2023-10-26,40.297821044921875,42.22647269652664,39.852133556535904,41.8237544285133,541001000
2023-10-27,40.47169876098633,41.177206691835266,39.987037067133414,41.1012595868594,416784000
2023-10-30,41.132240295410156,41.73681712722262,40.45271510334961,41.05829449956598,388028000
2023-10-31,40.751502990722656,40.85043664876845,39.20258684468398,40.42173556666503,517969000
2023-11-01,42.295433044433594,42.35139367956083,40.84044890706074,40.855437818322336,437593000
2023-11-02,43.4755973815918,43.853331578454224,42.864025551225126,43.29772036984495,409172000
2023-11-03,44.973548889160156,45.27733347769254,43.6924433329055,43.98923665598296,424610000
2023-11-06,45.71902847290039,45.90290181424292,44.867622664486824,45.25335451197863,400733000
2023-11-07,45.92288589477539,46.18569877151303,45.126441998746536,45.68705076383751,343165000
2023-11-08,46.54145431518555,46.834248828049994,45.93587499644732,46.06778272127609,346719000
2023-11-09,46.91719436645508,48.19629874432979,46.71733335440422,47.43383140399592,540496000
2023-11-10,48.30122756958008,48.438132884975005,47.249964459009426,47.46681189639429,421245000
2023-11-13,48.58602523803711,49.08168084897678,48.065389383307924,48.28623562834099,384136000
2023-11-14,49.62129592895508,49.799172935741794,49.00572910678886,49.64528123020025,416954000
2023-11-15,48.853843688964844,49.925093307072636,48.16632465148742,49.900113061154364,475497000
2023-11-16,49.4454231262207,49.49039366266599,48.29622902861317,48.644984172997816,339756000
2023-11-17,49.26355743408203,49.68226341163358,48.9727603803161,49.489397461523026,325205000
2023-11-20,50.37377166748047,50.51267446523686,49.14662922458695,49.27753819263548,414120000
2023-11-21,49.90909957885742,50.48169721701578,49.187603987551,50.090971605091276,565747000
2023-11-22,48.68196105957031,50.29982932340877,47.65667696410155,49.817168906440536,899420000
2023-11-24,47.74261474609375,48.886815068886136,47.711634365879085,48.43613001762004,294645000
2023-11-27,48.208290100097656,48.49608705256933,47.6187022270162,47.766597618423056,395662000
2023-11-28,47.78758239746094,48.289234319970646,47.439826002688484,48.202293315261734,401491000
2023-11-29,48.106361389160156,48.727928411184934,47.826558260033494,48.345196613263326,382005000
2023-11-30,46.73731994628906,48.07638377452515,46.3895635380406,47.990441518765145,526247000
2023-12-01,46.73231887817383,47.16701626199501,46.15472368293033,46.49248873071015,369317000
2023-12-04,45.47819900512695,46.044804165615915,44.97854837139348,46.044804165615915,437543000
2023-12-05,46.53755569458008,46.571531508809755,45.243344800588865,45.43822537417424,371718000
2023-12-06,45.47520065307617,47.358052404807324,45.3842566412969,47.18615659482553,380590000
2023-12-07,46.567535400390625,46.60051618631754,45.57614082890342,45.67208285394523,350823000
2023-12-08,47.47697830200195,47.71183534651791,46.52156105756746,46.566535548739374,359224000
2023-12-11,46.59851837158203,47.50196552269277,45.80200812005124,47.46199285274284,509728000
2023-12-12,47.62788772583008,47.63688109924922,46.017871828359986,46.017871828359986,372387000
2023-12-13,48.058624267578125,48.56431567041087,47.5789179572985,47.59990503689136,447792000
2023-12-14,48.320457458496094,48.64026163902283,47.393026859915174,48.360433934153576,391232000
2023-12-15,48.86013412475586,49.37382007835511,48.09060403450958,48.16456014183968,479948000
2023-12-18,50.04640579223633,50.4021872923408,49.1199739909024,49.369821256751614,412587000
2023-12-19,49.57368850708008,49.669630515204666,48.865122122671124,49.39379819493803,464444000
2023-12-20,48.081607818603516,49.9684548790202,48.0686152726536,49.624663268494515,397894000
2023-12-21,48.96007537841797,49.065010780060334,48.38942122420045,48.781183869365606,300425000
2023-12-22,48.800174713134766,49.35283451146827,48.43739367116176,49.16494962310715,252507000
2023-12-26,49.24889373779297,49.56969677808233,48.930088377699356,48.93808291084912,244200000
2023-12-27,49.38680648803711,49.649646285457685,49.05500860498553,49.48075082384643,233648000
2023-12-28,49.49174499511719,49.85352335128604,49.38181158719183,49.61267326878179,246587000
2023-12-29,49.49174499511719,49.96645709185245,48.721216111915,49.782567581126976,389293000
2024-01-02,48.138572692871094,49.26488309320295,47.565924699352884,49.21391556134482,411254000
2024-01-03,47.53993606567383,48.15455817196312,47.291087653176916,47.4559877548122,320896000
2024-01-04,47.96868133544922,48.47037358886087,47.4789789763883,47.737819636783634,306535000
2024-01-05,49.06700897216797,49.51673484987403,48.27649179251623,48.43239854255895,415039000
2024-01-08,52.221073150634766,52.243062881105025,49.44876972978204,49.48175051312085,642510000
2024-01-09,53.10753631591797,54.291813775257275,51.658421354299875,52.368989354850214,773100000
2024-01-10,54.316795349121094,54.566642620850935,53.45632128428564,53.58324641272958,533796000
2024-01-11,54.78850173950195,55.312183643545765,53.52727561107459,54.965395542446196,596759000
2024-01-12,54.676578521728516,54.93642183109273,54.29681339629927,54.58663334731275,352994000
2024-01-16,56.34755325317383,56.80027560728274,54.86646024002656,54.98438817814625,449580000
2024-01-17,56.018760681152344,56.43650460830921,54.706563019184806,56.312579806380306,474394000
2024-01-18,57.072113037109375,57.5648119047759,56.07272391506558,57.225019450786334,491650000
2024-01-19,59.454654693603516,59.463648066531206,57.19003646845247,57.953569636409725,543501000
2024-01-22,59.617557525634766,60.29414590763177,59.03391464914335,60.01231668308295,452955000
2024-01-23,59.83642578125,59.8734019281728,58.549210583878605,59.53360947543731,294654000
2024-01-24,61.32451248168945,62.810603561548206,59.901382639629475,60.26716017281773,560271000
2024-01-25,61.57936096191406,62.68068897905718,60.8128273903059,62.311911094050835,482777000
2024-01-26,60.99371337890625,61.74525668401416,60.535996808090815,60.92275760795634,390309000
2024-01-29,62.42683792114258,62.45082152019551,60.86979110422985,61.19458949954275,348733000
2024-01-30,62.735652923583984,63.45421549320403,62.22196696017239,62.861579220191196,410735000
2024-01-31,61.489410400390625,62.23095765369269,60.66291599295292,61.40246175375336,453795000
2024-02-01,62.988494873046875,63.15239614325578,61.612337231861346,62.06205926012063,369146000
2024-02-02,66.11958312988281,66.55930912654547,63.65108714697043,63.93491403332179,476578000
2024-02-05,69.28964233398438,69.45454244217241,67.16394292298222,68.18331639891433,680078000
2024-02-06,68.18132781982422,69.71139089039546,66.25950589737128,69.58746608269533,683111000
2024-02-07,70.0561752319336,70.17710350841662,67.5587013332111,68.2772638618389,495575000
2024-02-08,69.59846496582031,70.75076063857006,69.41258155591092,70.0311991651721,414422000
2024-02-09,72.08895111083984,72.14091368127717,70.1691190330097,70.48992214211897,436637000
2024-02-12,72.20386505126953,74.56542046599529,71.2064736279646,72.55564739281085,613710000
2024-02-13,72.08394622802734,73.40513741451034,69.57748237910234,70.35700477469595,602580000
2024-02-14,73.85486602783203,74.19065934700839,71.89406636072601,73.15729429339046,504917000
2024-02-15,72.61360931396484,73.92980608164119,72.35577132172895,73.82387565740021,420122000
2024-02-16,72.56864166259766,74.35655027525982,72.45671056832468,74.0547328068878,495327000
2024-02-20,69.40957641601562,71.91204456852859,67.69262359545532,71.90304738257117,704833000
2024-02-21,67.4307861328125,68.84592156210476,66.2075347659216,67.96445653317794,673755000
2024-02-22,78.49002075195312,78.52699308470093,74.17465795695503,74.97916646287784,865100000
2024-02-23,78.76885223388672,82.34366290568272,77.5226123761237,80.74064650613892,829388000
2024-02-26,79.04369354248047,80.59674521460998,78.45704646976243,79.6513162598183,503973000
2024-02-27,78.65291595458984,79.4314469973946,77.1148623296948,79.3325008302499,391705000
2024-02-28,77.61555480957031,78.88477556464643,77.07788148076835,77.57258181183745,393110000
2024-02-29,79.06367492675781,79.9411369643908,78.30213934805526,79.04568817875618,507289000
2024-03-01,82.22872161865234,82.24971250718404,79.38645771488409,79.95111490380661,479135000
2024-03-04,85.1849365234375,87.641435353428,83.66786597883684,84.07861042508992,615616000
2024-03-05,85.91551971435547,86.04844794548417,83.36995895717057,85.22191083370436,520639000
2024-03-06,88.64997100830078,89.67339555623481,86.98091470216241,87.97235961581464,582520000
2024-03-07,92.61673736572266,92.7146816709082,89.55146568055456,90.10715187632745,608119000
2024-03-08,87.47863006591797,97.34506345152579,86.45720334881955,95.08433828640496,1142269000
2024-03-11,85.72562408447266,88.74691405918401,84.11852931570184,86.3802534333582,678364000
2024-03-12,91.86116027832031,91.90813084085208,86.10141029804566,87.9993412781643,668075000
2024-03-13,90.83673095703125,91.45238079004136,88.38511175577527,91.00363657004534,635713000
2024-03-14,87.8943862915039,90.59486542464842,86.55114274535384,89.52646826118793,602318000
2024-03-15,87.78746032714844,89.49549613199862,86.20835719890029,86.88097416830968,642086000
2024-03-18,88.40512084960938,92.35289034072188,87.03589066625348,90.33702946254044,668976000
2024-03-19,89.34758758544922,90.49293740706634,84.96206166270107,86.65110342037197,672171000
2024-03-20,90.32102966308594,90.35901024319512,88.17323967680368,89.74634940187569,479063000
2024-03-21,91.38343048095703,92.59575144201277,90.35401259550207,92.24794813241263,480372000
2024-03-22,94.23580169677734,94.7245242070352,90.7827492478693,91.0895752392299,586719000
2024-03-25,94.94841766357422,96.71142270452334,93.45726238634705,93.88801905784321,552136000
2024-03-26,92.50879669189453,96.32064875325118,92.44983185631351,95.79694219210086,513648000
2024-03-27,90.19910430908203,93.1874159899472,89.07274096879794,93.05948982143728,586067000
2024-03-28,90.30504608154297,91.24851395195789,89.1426999482675,89.9492440435148,435212000
2024-04-01,90.3120346069336,92.1729839586744,89.15369169415271,90.24807533872301,452441000
2024-04-02,89.40155029296875,90.04318648075638,87.57058285516493,88.39811114522563,433064000
2024-04-03,88.91383361816406,90.32304223513688,88.35015627144904,88.43410854117649,370067000
2024-04-04,85.85653686523438,90.58287298050408,85.83154944356146,90.35499714995936,434965000
2024-04-05,87.95836639404297,88.4310991932804,85.87753991776991,86.81700456921507,399678000
2024-04-08,87.08385467529297,88.77989605626742,86.68307988880372,88.64996450448324,283220000
2024-04-09,85.30585479736328,87.58557412064634,82.97517698832382,87.39268218376482,501700000
2024-04-10,86.98991394042969,87.35071040768491,83.66179013581636,83.87867062101493,431929000
2024-04-11,90.56490325927734,90.68783500343515,86.87698906000632,87.37070618582658,431637000
2024-04-12,88.13627624511719,90.12416085218041,87.48064787808988,89.64842367800412,426805000
2024-04-15,85.9524917602539,90.56188993656951,85.8805337738884,89.0477450616577,443077000
2024-04-16,87.36569213867188,88.06829089560239,86.01545628049773,86.38424380509475,370453000
2024-04-17,83.98760223388672,88.72492641813315,83.90264346955806,88.29016660250515,495400000
2024-04-18,84.62323760986328,86.14138561304675,82.35552028108327,84.92207255324703,447260000
2024-04-19,76.15702056884766,84.27643922651326,75.56336143765269,83.10310538210794,875198000
2024-04-22,79.47315979003906,80.02784714622769,76.35692172416684,78.05995564066009,596341000
2024-04-23,82.37650299072266,82.72230848851257,80.21872426508081,80.7234366574032,438559000
2024-04-24,79.6320571899414,84.03457116657118,79.13833255489368,83.90264184401371,512208000
2024-04-25,82.58540344238281,83.27600801866915,78.17888569012331,78.82351858715127,424641000
2024-04-26,87.6855239868164,88.28118855401848,83.3399763925944,83.7707330936579,551011000
2024-04-29,87.70751190185547,87.94237235498613,85.21791179771557,87.54560070216142,388971000
2024-04-30,86.35327911376953,88.76891600613489,86.25133925368692,87.19080401105087,363709000
2024-05-01,82.99415588378906,85.95148630832341,81.20916027802339,85.02901046138126,559863000
2024-05-02,85.76859283447266,86.18835408667036,83.15306466582874,84.4013606664833,377898000
2024-05-03,88.7389144897461,89.23063371341577,86.9909005732954,87.73947860212795,398341000
2024-05-06,92.08802795410156,92.16798466023728,89.00476895897276,89.3395790876885,376203000
2024-05-07,90.50291442871094,91.72921958839687,88.96078565075027,91.04660624777567,437342000
2024-05-08,90.36100006103516,91.14255660736433,89.36955526816209,89.4325232671434,325721000
2024-05-09,88.69695281982422,91.02063858717587,88.18124497678554,90.47794554376881,378013000
2024-05-10,89.82730865478516,91.34945233112951,89.17667483195356,90.25406978590553,335325000
2024-05-13,90.34801483154297,90.94667600491073,88.47906681215352,90.42696502755186,289680000
2024-05-14,91.30447387695312,91.59930565354625,88.88383529778994,89.54846112262796,296507000
2024-05-15,94.57662963867188,94.80850105677926,91.54734077306348,92.41984953324487,417735000
2024-05-16,94.3057861328125,95.7649618311796,94.04992617640089,94.85647788998737,323952000
2024-05-17,92.42684173583984,94.68656820618962,91.75422475858959,94.31578286476113,359691000
2024-05-20,94.72655487060547,95.1463162138061,93.38731412084368,93.6971368800976,318764000
2024-05-21,95.33219909667969,95.3461911389766,93.12744211033531,93.54620449229954,328946000
2024-05-22,94.89643859863281,95.96583473980165,93.19640167904086,95.40515417154504,548648000
2024-05-23,103.74047088623047,106.26004537919088,101.46274907027386,101.97046583987779,835065000
2024-05-24,106.40895080566406,106.41494412748668,102.94190563238328,104.39008586204577,429494000
2024-05-28,113.83676147460938,114.87417806167193,109.82102986026253,110.18182631936331,652728000
2024-05-29,114.7602310180664,115.42685462015827,110.83844833840384,112.98623828974068,557442000
2024-05-30,110.43768310546875,115.75368367922725,109.60115714782083,114.58534422223099,484553000
2024-05-31,109.57115936279297,112.65341931534381,106.879677688503,112.45652422078095,613263000
2024-06-03,114.93513488769531,114.93513488769531,111.93982368190672,113.55691490102478,438392000
2024-06-04,116.37132263183594,116.53423270815343,113.98067349692546,115.65073625073813,403324000
2024-06-05,122.3709487915039,122.37993877462908,117.40175277551737,118.30424338003813,528402000
2024-06-06,120.92975616455078,125.51616477932996,118.25326519915947,123.97803133753258,664696000
2024-06-07,120.81981658935547,121.62336396697008,117.95543577009146,119.70244332667052,412386000
2024-06-10,121.72129821777344,123.0305567964374,116.94399587339676,120.3021010809677,313434100
2024-06-11,120.85173797607422,122.81079255068147,118.68277788836801,121.71131653242202,222551200
2024-06-12,125.13966369628906,126.8188544177255,122.51093382538542,123.00069556163665,299595000
2024-06-13,129.5475311279297,129.7374419918796,127.09871503024357,129.32763594350715,260704500
2024-06-14,131.81643676757812,132.77596549255935,128.2581551805241,129.8973640661816,309320400
2024-06-17,130.91688537597656,133.66556033801308,129.5175660413327,132.92592665460285,288504400
2024-06-18,135.5146484375,136.26428691629846,130.62700616579136,131.07678620278367,294335100
2024-06-20,130.7169647216797,140.69215023640655,129.45757751387328,139.73262148324963,517768400
2024-06-21,126.50900268554688,130.5670512631637,124.24010000634735,127.05874067811743,649445800
2024-06-24,118.05306243896484,124.39999972182731,117.98309648941706,123.18058663623754,476060900
2024-06-25,126.02923583984375,126.43904192857353,119.2625015362155,121.14159285282038,414192600
2024-06-26,126.33908081054688,128.05824542053676,122.54090923743924,126.0692066714184,362975900
2024-06-27,123.93023681640625,126.34907621355548,122.86075284303976,124.04018440835473,252571700
2024-06-28,123.48046112060547,127.6484495693471,122.69084094404647,124.5199608102888,315516700
2024-07-01,124.24009704589844,124.77983008392047,118.77273207553426,123.41049523168472,284885500
2024-07-02,122.61087799072266,123.35052684202405,120.9716689903923,121.07161927076024,218374000
2024-07-03,128.21817016601562,128.21817016601562,121.30150730962696,121.60136576540062,215749000
2024-07-05,125.76936340332031,128.78791231292527,125.61943416430904,127.31861187118912,214176700
2024-07-08,128.13819885253906,130.70696731901708,126.9787619894619,127.42854201917729,237677300
2024-07-09,131.3166961669922,133.7555228326683,128.58800070420872,130.28719371816868,285366600
2024-07-10,134.84500122070312,135.03491211498738,132.35619546389498,133.965420342518,248978600
2024-07-11,127.3386001586914,136.08437540615716,126.98877036890757,135.68457428967133,374782700
2024-07-12,129.177734375,131.85643576222122,127.15870339191848,128.1981955828636,252680500
2024-07-15,128.37811279296875,131.32668826604316,127.11871779694197,130.49708637675548,208326200
2024-07-16,126.29911041259766,128.97781165688778,124.51996937686796,128.37810993499286,214769500
2024-07-17,117.9331283569336,121.79126850169425,116.66374383425097,121.29150949460832,390086200
2024-07-18,121.03163146972656,122.3410052407324,116.50381613075947,121.79126728812875,320979500
2024-07-19,117.8731689453125,121.54139851435873,117.31344125378135,120.29200089882109,217223800
2024-07-22,123.48046112060547,124.01020446831424,119.80223438238662,120.29199609290939,258068900
2024-07-23,122.53092193603516,124.62991607602876,122.04116019537173,122.72083281792666,173911000
2024-07-24,114.19493865966797,119.89218856658098,113.38533146913761,119.1125656978158,327776900
2024-07-25,112.22589874267578,116.57380125064698,106.2487843652558,112.98553468596138,460067000
2024-07-26,113.00550842285156,116.14399449340688,111.52622597755057,116.13400480341201,293399100
2024-07-29,111.53622436523438,116.2239668309142,111.24637081842914,113.63521853690591,248152100
2024-07-30,103.68000793457031,111.93602131829121,102.49057904635741,111.46624662712419,486833300
2024-07-31,116.9636001586914,118.28296369436077,110.82655987338046,112.84559062727486,473174200
2024-08-01,109.15736389160156,120.10209097077005,106.75851907796755,117.47335365334001,523462300
2024-08-02,107.21829986572266,108.66760564065457,101.32114936142939,103.70999693537759,482027500
2024-08-05,100.4015884399414,103.36016867781126,90.6462974352404,92.0156323292122,552842400
2024-08-06,104.19975280761719,107.6580842159302,100.50153921149465,103.78994676213023,409012100
2024-08-07,98.86234283447266,108.74757662368853,98.64244762367623,107.7580481751046,411440400
2024-08-08,104.91942596435547,105.44916938665686,97.47301084929781,101.95085571032227,391910000
2024-08-09,104.69951629638672,106.54862317361375,103.38015276837264,105.58908675557784,290844200
2024-08-12,108.96746063232422,111.01647580125626,106.20879614847053,106.26876479464013,325559900
2024-08-13,116.08402252197266,116.1739831093698,111.52622277964618,112.38580888904526,312646700
2024-08-14,118.02311706542969,118.54286320132546,114.0150467383806,118.47289722869105,339246400
2024-08-15,122.80078887939453,123.18060299513529,117.41338717159643,118.70276637796893,318086700
2024-08-16,124.51995849609375,124.93975424016854,121.12159565561768,121.88123149659879,302589900
2024-08-19,129.93736267089844,129.93736267089844,123.36053125322975,124.22011749326396,318333600
2024-08-20,127.18868255615234,129.81742012912812,125.82933728380516,128.33812230971984,300087400
2024-08-21,128.4380645751953,129.28766098618868,126.59895509298427,127.25863301570179,257883600
2024-08-22,123.68035125732422,130.6869743500294,123.040660367695,129.95733050360087,376189100
2024-08-23,129.30763244628906,129.53753255606168,125.15963905002394,125.79932992863567,323230300
2024-08-26,126.39905548095703,131.19673768949764,124.31006635411407,129.50756494551362,331964700
2024-08-27,128.23817443847656,129.1377346219971,123.82029866993177,124.98974063480068,303134600
2024-08-28,125.54946899414062,128.26815944285755,122.580899020736,128.05825393148814,448101100
2024-08-29,117.5333251953125,124.37003270157089,116.65375204642187,121.30151255769351,453023300
2024-08-30,119.31246948242188,121.69131963851615,117.16350420185492,119.47238840117339,333751600
2024-09-03,107.94795227050781,116.15399476413343,107.238295351223,115.95409419910477,477155100
2024-09-04,106.15882110595703,113.2154167588311,104.06983184638861,105.35921116658868,372470300
2024-09-05,107.15833282470703,109.5971593888533,104.70951657024186,104.93940145906154,306850700
2024-09-06,102.78044891357422,108.09788494505915,100.90134998938433,107.98793734308131,413638100
2024-09-09,106.41868591308594,106.49864918568733,103.64002700878578,104.8294482794324,273912000
2024-09-10,108.04789733886719,109.34727382600163,104.89941402443941,107.75803619556127,268283700
2024-09-11,116.8536605834961,117.13352442144715,107.36822866067497,109.33728046789619,441422400
2024-09-12,119.0927734375,120.7421209186122,115.33426173002456,116.79368208487448,366052700
2024-09-13,119.05277252197266,119.912432121844,117.55336730727181,119.0327838080458,238358300
2024-09-16,116.73369598388672,118.13314241484437,114.31465733439065,116.74369415431079,248772300
2024-09-17,115.54417419433594,118.75290839853001,114.78448096424103,118.12315326201993,231925900
2024-09-18,113.3250503540039,117.65332766764698,113.17510830529987,115.84404779202798,310318900
2024-09-19,117.8232650756836,119.61255622221333,117.20350817184061,117.30346699468771,293506400
2024-09-20,115.95401763916016,118.57298181753792,115.3442588328446,117.01359501507952,382462400
2024-09-23,116.21391296386719,116.94361929782039,114.81446644323901,116.50379891378353,206228500
2024-09-24,120.82208251953125,121.75171411597229,115.33425359874879,116.4738010232417,354966800
2024-09-25,123.4610366821289,124.89047006468225,121.5617884105282,121.97162190060216,284692900
2024-09-26,123.99082946777344,127.61938773200264,121.75171957511898,126.74973749484685,302582900
2024-09-27,121.35187530517578,123.98082995705606,119.21272426875333,123.92085618310571,271009200
2024-09-30,121.39186096191406,121.45183473616015,118.1031642748816,118.26309688166123,226553700
2024-10-01,116.95361328125,122.39145893750027,115.74409392230913,121.72171877480598,302094500
2024-10-02,118.80288696289062,119.33267565347262,115.09435850244638,116.39384623986545,221845900
2024-10-03,122.80130004882812,124.31070361178112,120.29229289145833,120.87206480654892,277118000
2024-10-04,124.87047576904297,124.99043094258552,121.78170440742984,124.89047211115172,243678100
2024-10-07,127.66936492919922,130.58820542607234,124.90045886173723,124.94044391837012,346250200
2024-10-08,132.83731079101562,133.42707320550807,129.36868536610157,130.20834865989482,285722500
2024-10-09,132.59742736816406,134.46669669658758,131.32794162563073,134.05685551069462,246191600
2024-10-10,134.75656127929688,134.94648840712318,130.94807393580103,131.8577168886846,242311300
2024-10-11,134.74656677246094,135.72617401836632,133.60701929174726,133.9568713960576,170209500
2024-10-14,138.01527404785156,139.54466630986312,136.24597143489578,136.4159022137037,232347700
2024-10-15,131.54783630371094,138.5150744275185,128.68896947491228,137.8153397242487,377831000
2024-10-16,135.6662139892578,136.56585120891066,131.52785532391937,133.92689807815486,264879700
2024-10-17,136.87570190429688,140.83413853249198,136.81572813387166,139.28475003463748,306435900
2024-10-18,137.94529724121094,138.8449343829922,137.22558142668973,138.61502982502418,176090200
2024-10-21,143.6530303955078,143.6530303955078,137.94528751258602,138.07524085271365,264554500
2024-10-22,143.53309631347656,144.36276924192205,141.72381599778205,142.85337309657714,226311600
2024-10-23,139.50466918945312,142.37352650102258,137.40551088320953,141.97369118156848,285930000
2024-10-24,140.35433959960938,141.293969386979,138.40511570705533,140.76418072009866,172354900
2024-10-25,141.48388671875,144.0728716327459,140.74418981710016,140.8741279131319,205122100
2024-10-28,140.46429443359375,143.08325084097928,139.9944795471596,142.94330695476953,173586700
2024-10-29,141.19400024414062,142.20359433012132,138.8449258203989,140.23437413304583,157593600
2024-10-30,139.28475952148438,140.27437255912164,136.75576367804047,139.48467718743143,179418100
2024-10-31,132.70738220214844,137.55546626582213,132.05764589588958,137.54547571977304,270039600
2024-11-01,135.34632873535156,137.25557537634637,134.5166711244238,134.64660922766117,207127800
2024-11-04,135.99607849121094,138.90492874894582,135.51627301400697,137.15562237613318,187528200
2024-11-05,139.8545379638672,140.31434706066804,137.27555894461494,137.39550649112996,160537400
2024-11-06,145.55227661132812,146.4319326348536,141.90372967757455,142.90333324876622,242043900
2024-11-07,148.8209991455078,148.8709671267726,146.1120664908763,146.33198051831096,207323300
2024-11-08,147.5714569091797,149.71060760531262,146.20198985995728,148.71100419118065,175665800
2024-11-11,145.20240783691406,148.7909962143961,143.51309063046196,148.62105018654825,182325600
2024-11-12,148.23118591308594,149.59064718789998,145.952091313065,146.72179022487757,198634700
2024-11-13,146.21200561523438,149.2707898303925,145.8421419549503,149.01089841600094,191903300
2024-11-14,146.70181274414062,148.94093020600926,145.49230097997514,147.5814687564354,194463300
2024-11-15,141.92372131347656,145.18243895947262,140.0244804881745,144.81257523878364,250132900
2024-11-18,140.09442138671875,141.49387540802257,137.09561095173166,139.44468522690033,221205300
2024-11-19,146.95172119140625,147.07168399645053,140.9341184421503,141.26398946372595,227834900
2024-11-20,145.83216857910156,147.5015047606034,142.67341754276418,147.3515703217148,309871700
2024-11-21,146.6118621826172,152.8293979645091,140.64422730754492,149.290807835149,400946600
2024-11-22,141.8937225341797,147.1016638018941,141.04406865837018,145.87214043901812,236406200
2024-11-25,135.96609497070312,141.99370385870768,135.766177287977,141.933730079164,344941900
2024-11-26,136.86572265625,139.2447840977321,135.61621816013385,137.64541224160723,190287700
2024-11-27,135.2863311767578,137.1655905980091,131.74774157257602,134.95646019838466,226370900
2024-11-29,138.19520568847656,139.29477581313424,135.99608069190262,136.7257870913165,141863200
2024-12-02,138.5750274658203,140.39429776497158,137.7653511333102,138.7749450999513,171682800
2024-12-03,140.20440673828125,140.48429454860658,137.8953246767264,138.2051993772479,164414000
2024-12-04,145.0824737548828,145.73221002899123,140.23438993110327,141.94371889092554,231224300
2024-12-05,145.0124969482422,146.49200804389403,143.9028598130552,145.06248362625453,172621200
2024-12-06,142.39334106445312,145.6522676421263,141.2637063556289,144.55263713920382,188505600
2024-12-09,138.7645263671875,139.90415231737651,137.08508402113657,138.92447761551347,189308600
2024-12-10,135.0257568359375,141.77354545828368,133.74616214517607,138.96445323342698,210020900
2024-12-11,139.2643585205078,140.12407738797447,135.16571086465208,137.31500040642362,184905200
2024-12-12,137.29501342773438,138.39465924672223,135.75552453494274,137.03510407678786,159211400
2024-12-13,134.20602416992188,139.55427778956917,132.4965775973186,138.89449032268433,231514900
2024-12-16,131.9567413330078,134.3559487102744,130.3772572956884,134.13601958774962,237951100
2024-12-17,130.3472900390625,131.54689392732612,126.81844751374322,129.04771280436398,259410300
2024-12-18,128.86778259277344,136.6552244722092,128.23798405143236,133.8161583001621,277444500
2024-12-19,130.63717651367188,133.98608501684748,129.50755712091288,131.7168244915274,209719200
2024-12-20,134.65586853027344,135.2356803497186,128.1779956829599,129.76747112979962,306528600
2024-12-23,139.62425231933594,139.74420813475027,135.07573952144836,136.23536324975828,176053500
2024-12-24,140.174072265625,141.85351466107915,138.60457919611483,139.9541431061549,105157000
2024-12-26,139.88417053222656,140.8038826879709,137.68489400548984,139.65425012018665,116205600
2024-12-27,136.96511840820312,138.97446981750295,134.66588395063462,138.50462254046806,170582600
2024-12-30,137.4449462890625,140.22403398735426,133.97608228188028,134.78581438230358,167734700
2024-12-31,134.2460174560547,138.02479365615312,133.7861766339878,137.98479821279548,155659200
2025-01-02,138.2646942138672,138.8345148325783,134.58590691715995,135.95545329338754,198247200
2025-01-03,144.4226837158203,144.85253555834646,139.68423069189672,139.96413776465596,229322500
2025-01-06,149.38104248046875,152.11015917129038,147.77158452702758,148.5413213081193,265377400
2025-01-07,140.09408569335938,153.07983530547875,139.9641234037018,152.97986196669754,351782200
2025-01-08,140.06411743164062,143.90285624874434,137.51494945407615,142.53330977712477,227349900
2025-01-10,135.86549377441406,139.87417502688794,134.17604480086774,137.40498271998055,207602500
2025-01-13,133.18637084960938,133.44629547754278,129.46758770744978,129.94744151880715,204808900
2025-01-14,131.7168426513672,136.33533995791205,130.00741122442506,136.0054462036023,195590500
2025-01-15,136.1953887939453,136.4053114797544,131.24699764678536,133.60622538989423,185217300
2025-01-16,133.52626037597656,138.70455649670012,133.44628474718112,138.59459191383036,209235600
2025-01-17,137.66490173339844,138.45463626831489,135.41563868932835,136.6452315490251,201188800
2025-01-21,140.78387451171875,141.78354697270905,137.0450940162502,139.1144233323199,197749000
2025-01-22,147.02183532714844,147.74158546149795,143.62293982675303,144.61262104889417,237651400
2025-01-23,147.17178344726562,147.18177468068177,143.67292977388993,145.0024960002277,155915500
2025-01-24,142.57327270507812,148.92119854206575,141.83352489203162,148.32138900097752,234657600
2025-01-27,118.3812026977539,128.35792888769186,116.6617649651342,124.75911743279188,818830900
2025-01-28,128.94775390625,128.95774513931468,116.21192149182427,121.77009783396647,579666400
2025-01-29,123.65947723388672,126.8484347440811,120.01067894543576,126.45856310434583,467120600
2025-01-30,124.60917663574219,124.9590604797062,118.06131881584726,123.05968123503551,392925500
2025-01-31,120.03067016601562,127.80812056780856,119.15096116009843,123.73945402173636,388161100
2025-02-03,116.62179565429688,118.53116613291392,112.9729895620065,114.71241754878405,371235700
2025-02-04,118.61112976074219,121.16028976109213,116.66176403787988,116.92168099297385,256550000
2025-02-05,124.78911590576172,124.95905839472358,120.72044926950534,121.72012173666313,262230800
2025-02-06,128.6378631591797,128.72784528628156,125.16900563533248,127.37828117148048,251483600
2025-02-07,129.79745483398438,130.32727996151158,124.95904429961287,129.17766285547097,228186300
2025-02-10,133.52626037597656,134.955784699492,129.91744211571256,130.04738916543755,216989100
2025-02-11,132.7565155029297,134.43595803743202,130.9770996135579,132.5365863252507,178902400
2025-02-12,131.09706115722656,132.19670709360815,129.03773808890557,129.97743275203294,160278600
2025-02-13,135.24566650390625,136.455276767875,131.12702127315083,131.51689288233604,197430000
2025-02-14,138.8045196533203,139.20438251414282,135.45561099221797,136.43528567888637,195479600
2025-02-18,139.35433959960938,143.3930250185803,137.8848198127303,141.22373753647113,219176600
2025-02-19,139.1844024658203,141.31370984182348,137.17506616632772,139.46430955469114,167536000
2025-02-20,140.06411743164062,140.6139403685729,136.74519734237094,139.9841417995603,143903600
2025-02-21,134.38595581054688,141.41366694156105,133.98609294492073,139.99411868487,228217600
2025-02-24,130.23733520507812,138.544611438826,130.03740375103862,136.51527743543022,251381100
2025-02-25,126.5885238647461,130.1573543264651,124.39924631174091,129.93742515974864,271428700
2025-02-26,131.23699951171875,133.68619399137987,128.44792005609298,129.9474287481865,322553800
2025-02-27,120.11064910888672,134.96577503505506,119.97069557287365,134.9557838016939,443175800
2025-02-28,124.87908172607422,125.04902421361967,116.36187573271177,117.98134023479652,389091100
2025-03-03,114.02263641357422,123.65947815441595,112.2432206852501,123.46954557652553,411381400
2025-03-04,115.95201110839844,119.27092350243325,110.07393955565605,110.61376362073891,398163300
2025-03-05,117.26158142089844,118.2412561507128,114.47249437052442,117.54148848655969,284337900
2025-03-06,110.53378295898438,115.31221606989396,110.18389912538346,113.49281250827367,321181900
2025-03-07,112.6530990600586,113.44284126847423,107.52477413573757,111.21356818629886,341755500
2025-03-10,106.94496154785156,111.81336147496829,105.42545516002185,109.86400325750407,366487400
2025-03-11,108.72437286376953,112.20322856084239,104.73567447790636,106.95494843650206,354865700
2025-03-12,115.71273040771484,116.73249437499013,112.85340359157789,114.09311694895557,323857500
2025-03-13,115.55277252197266,117.73225924433854,113.76319330991835,117.0024278677365,299033100
2025-03-14,121.6413345336914,121.85128414551467,118.12216714928688,118.5820578648422,277593500
2025-03-17,119.50183868408203,122.86104771124882,118.00219206936818,122.711081524258,255501500
2025-03-18,115.4028091430664,118.99195980676369,114.51301940530757,117.97220343827061,299686900
2025-03-19,117.4923095703125,120.4216195833343,115.65274672556286,117.24236846895431,273426200
2025-03-20,118.50206756591797,120.17167220516042,116.44255543913019,116.52253841801043,248829700
2025-03-21,117.6722640991211,117.9621966837067,115.39280254041711,116.91244866461768,266498500
2025-03-24,121.38140106201172,122.19120779583362,119.31188140429414,119.8517551027078,228452500
2025-03-25,120.66156768798828,121.26142480153007,118.89198043130345,120.5216012824151,167447200
2025-03-26,113.73320007324219,118.81199741904777,112.68344440410922,118.70203035263671,293463300
2025-03-27,111.40375518798828,114.42304053099558,110.6339399022949,111.32377219977147,236902100
2025-03-28,109.6441650390625,112.84341584506377,109.04430789656145,111.46373602695421,229872500
2025-03-31,108.35446166992188,110.9338556226425,103.6255803841977,105.10522740758995,299212700
2025-04-01,110.12405395507812,110.17403760023085,106.4449205320371,108.49443304563391,222614000
2025-04-02,110.39398193359375,111.95361956622256,106.76483994973236,107.26472214391917,220601200
2025-04-03,101.7760238647461,105.60511590388697,101.57606639857329,103.48562015563714,338769400
2025-04-04,94.28778076171875,100.10640942744341,92.08830207120735,98.88670323249266,532273800
2025-04-07,97.61699676513672,101.72602911656392,86.59959627985899,87.43939472630683,611041300
2025-04-08,96.27731323242188,105.82505852328022,94.43774279946976,103.78553826456235,476243400
2025-04-09,114.30307006835938,115.07288532975399,97.50702445286697,98.86670469924479,612918300
2025-04-10,107.5446548461914,110.83388059600858,99.12664053501021,109.34423379452805,437812400
2025-04-11,110.90386199951172,111.52371865557488,107.45467796999777,108.47443427245335,313417300
2025-04-14,110.68391418457031,114.2630725146749,109.04430120283689,114.08311462021162,264705000
2025-04-15,112.1735610961914,113.5932323217664,110.47396469045397,110.94385517244878,228966900
2025-04-16,104.46538543701172,106.76484672728219,100.4263361362673,104.52537649088836,397016900
2025-04-17,101.46607971191406,104.44538077133734,100.02642426353728,104.4253812132841,292517500
2025-04-21,96.88717651367188,99.41657935183265,95.01761424618036,98.74673137333838,288501100
2025-04-22,98.86669921875,99.78648062043173,97.2570779520085,98.75672452641882,241004800
2025-04-23,102.68579864501953,104.77531016741209,101.99595878138034,104.4953697335839,247526000
2025-04-24,106.40492248535156,106.51489717654988,103.08570507328525,103.45562063709751,220815000
2025-04-25,110.98385620117188,111.8936379045766,105.70510100806126,106.82483233532861,251064700
2025-04-28,108.70439147949219,110.34400455936343,105.9950231207954,109.66416443154382,207708500
2025-04-29,108.99430847167969,110.1740307356611,107.41468656100368,107.64462809509338,170444300
2025-04-30,108.89433288574219,108.89433288574219,104.05547701680861,104.44538450923935,235044600
2025-05-01,111.58370208740234,114.91291927434723,111.27377757314032,113.05335693358144,236121500
2025-05-02,114.47303009033203,115.37281962529518,113.34329900218786,114.15310576985596,190194800
2025-05-05,113.79318237304688,114.64298057759626,112.63345964895049,112.88340074602954,133163200
2025-05-06,113.51325988769531,114.7129742117387,110.7938992837595,111.4537475013017,158525600
2025-05-07,117.03242492675781,117.65228163619798,112.25355204144066,113.02337494499027,206758800
2025-05-08,117.34235382080078,118.65204278244111,115.82270761670769,118.22214377270919,198428100
2025-05-09,116.62252044677734,118.20215005190205,115.18285724943865,117.32235248570746,132972200
2025-05-12,122.97102355957031,122.97102355957031,120.25166311897564,121.94126742822685,225023300
2025-05-13,129.89938354492188,131.18908818741485,124.44067836400953,124.95056035306071,330430100
2025-05-14,135.30810546875,135.40808800730593,131.6489642323906,133.16861033831793,281180800
2025-05-15,134.79823303222656,136.2678878895653,132.6287461607251,134.258351724734,226632600
2025-05-16,135.36810302734375,136.31789147723805,133.42857277146337,136.18791721457987,226542500
2025-05-19,135.53805541992188,135.83797251007488,132.35879696756518,132.35879696756518,193154600
2025-05-20,134.34835815429688,134.5483080029045,132.58876287408052,134.2583677555072,161514200
2025-05-21,131.76895141601562,137.36762292180558,130.55922977564506,133.02864907239967,270608700
2025-05-22,132.7987060546875,134.21836966107523,131.51900885300861,132.19884131725317,187344000
2025-05-23,131.25906372070312,132.64873565144939,129.12957588399638,129.96937433382988,198821300
2025-05-27,135.4680633544922,135.6280293045703,133.27857708527512,134.1183754403962,192953600
2025-05-28,134.7782440185547,137.2176717346689,134.75824445795843,135.9979578766118,304021100
2025-05-29,139.15721130371094,143.45620133736625,137.87751407348716,142.21648797143945,369241900
2025-05-30,135.09817504882812,139.58710766728817,132.88868890141003,138.6873257641086,333170900
2025-06-02,137.34764099121094,138.08745689917103,135.36809645457458,135.45808684638126,197663100
2025-06-03,141.1867218017578,141.9665367692297,137.91748812723765,138.74729436292043,225578800
2025-06-04,141.88656616210938,142.3564566649135,139.5071219355859,142.15650682982962,167120800
2025-06-05,139.95703125,143.96608121416313,138.79730082341692,142.13651043477643,231397900
2025-06-06,141.6865997314453,143.23623746842864,141.47664251332282,142.47640682683559,153986200
2025-06-09,142.59640502929688,144.96584183837217,141.9065651342004,143.15627066728982,185114500
2025-06-10,143.92608642578125,144.25599524562207,141.4966510569608,142.65638139553192,155881900
2025-06-11,142.80625915527344,144.96590375929992,141.84641202362192,144.5859620448177,167694000
2025-06-12,144.9759063720703,144.9759063720703,141.82643588786814,141.94641106631286,162365000
2025-06-13,141.94639587402344,143.556128789635,140.8265869783813,142.4563055840922,180820600
2025-06-16,144.66595458984375,146.1556971839991,143.1761967394354,143.32618096280035,183133700
2025-06-17,144.09603881835938,145.1958620737219,143.75609899624828,144.46598768948277,139108000
2025-06-18,145.455810546875,145.62578045463974,143.0962022725339,143.9860537050978,161494100
2025-06-20,143.8260955810547,146.17569581398777,142.6262828381709,145.42582047781178,242956200
2025-06-23,144.1460418701172,144.7559411184857,142.00639807778802,142.47632119978937,154308900
2025-06-24,147.8754119873047,147.9354148301798,145.4758169849003,145.53580457152245,187566100
2025-06-25,154.28436279296875,154.4243389252029,149.23519867353343,149.24520677628502,269146500
2025-06-26,154.99423217773438,156.69394650127538,153.97439748110884,155.95406403411533,198145700
2025-06-27,157.72378540039062,158.68363258213975,155.23419369167684,156.01406285223712,263234500
2025-06-30,157.96376037597656,158.6336472456001,155.93409881773164,158.37368067249696,194580300
2025-07-01,153.2745361328125,157.17388214393176,151.46483925954294,156.26402965591922,213143600
2025-07-02,157.22386169433594,157.57380961936815,152.94457434216997,152.9545671877056,171224100
2025-07-03,159.3135223388672,160.95324924613055,157.74379112425564,158.34368228178877,143716100
2025-07-07,158.21371459960938,159.28352889047815,157.31385497697042,158.17371270193448,140139000
2025-07-08,159.97341918945312,160.19338386133896,158.36368604860908,159.3035323273478,138133000
2025-07-09,162.85293579101562,164.39267314506114,161.13322041798892,161.1932080055649,183656400
2025-07-10,164.07273864746094,164.4726660794993,161.5831469026993,164.29270331195812,167704100
2025-07-11,164.89259338378906,167.862101078866,163.44283738179527,163.6927958392512,193633300
2025-07-14,164.04273986816406,165.4625020418882,161.99307751467913,165.3425116109199,136975800
2025-07-15,170.671630859375,172.37134531045626,169.17188012202328,171.1615549258278,230627400
2025-07-16,171.34152221679688,171.72146396229547,168.87193138356372,171.03157616389174,158831500
2025-07-17,172.97125244140625,174.13106334471073,170.80161486292053,171.99141956059896,160841100
2025-07-18,172.38136291503906,174.22105359276725,171.23154479926822,173.61115431570738,146456400
2025-07-21,171.35153198242188,173.35119970444802,170.97159023323564,172.72129949000853,123126100
2025-07-22,167.00225830078125,171.36153479867312,164.55266825003173,171.31154005146294,193114300
2025-07-23,170.75161743164062,171.23153339032083,167.94208685699226,169.5018251648929,154082200
2025-07-24,173.7111358642578,173.80111724784433,171.27153886755505,172.41134882841166,128984600
2025-07-25,173.47117614746094,174.69097468726906,172.9312725713388,173.58115848322245,122316800
2025-07-28,176.7206268310547,176.97058528484683,173.94109004538618,173.99108478739527,140023500
2025-07-29,175.48085021972656,179.350217961682,174.99094135061006,177.93045559033015,154077500
2025-07-30,179.24021911621094,179.86011122312902,176.01074478620916,176.48066791766442,174312200
2025-07-31,177.84043884277344,183.26954448460754,175.9007587673991,182.86960179799485,221685400
2025-08-01,173.69113159179688,176.51065501732398,170.86160006411595,174.06106522140865,204529000
2025-08-04,179.9700927734375,180.17005649193501,174.49100755408614,175.1309006070304,148174600
2025-08-05,178.23037719726562,180.23004490386853,175.87076869322405,179.59015184800575,156407600
2025-08-06,179.3901824951172,179.87009845787975,176.22071111043454,176.30069964693718,137192300
2025-08-07,180.73995971679688,183.84944343505214,178.77028591662776,181.53982980547644,151878400
2025-08-08,182.6696319580078,183.26953833968557,180.3700111699138,181.51982919208731,123396700
2025-08-11,182.0297393798828,183.80944232526838,180.2200426409657,182.01974653412333,138323200
2025-08-12,183.1295623779297,184.44933506001817,179.4301803710301,182.9295986692803,145485700
2025-08-13,181.559814453125,183.93942375779682,179.3201965252013,182.5896420373941,179871700
2025-08-14,181.98974609375,182.98957985829236,179.43017409752198,179.72011917648817,129554000
2025-08-15,180.42001342773438,181.86976944489334,178.01041021115256,181.84978375259033,156602200
2025-08-18,181.979736328125,182.90958965389834,180.55997422620712,180.56998232776263,132008000
2025-08-19,175.61080932617188,182.46966985536903,175.46084035755914,182.39967416584764,185229200
2025-08-20,175.370849609375,175.9707560164781,168.77195541250927,175.1408920976954,215142700
2025-08-21,174.95091247558594,176.87059152353538,173.78110877087863,174.8209444570093,140040900
2025-08-22,177.96043395996094,178.56032512128596,171.17155351749952,172.58132291943235,172789400
2025-08-25,179.78012084960938,181.87977802218637,176.54066896263805,178.3203719824875,163012800
2025-08-26,181.7397918701172,182.35968393651802,178.7802771456414,180.03006938032237,168688200
2025-08-27,181.56982421875,182.45967569067753,179.07023971825097,181.94975068857377,235518900
2025-08-28,180.1400604248047,184.43934897141472,176.3806906932069,180.7899615720414,281787800
2025-08-29,174.1510467529297,178.12038822306508,173.12121914292007,178.08040158317536,243257900
2025-09-02,170.75161743164062,172.351357635579,167.19221149694363,169.9717482776903,231164900
2025-09-03,170.59165954589844,172.38137081666613,168.851958278929,171.03158891427162,164424900
2025-09-04,171.63148498535156,171.83144870716828,169.381858788342,170.54166973363456,141670100
2025-09-05,166.9922637939453,169.0019244592772,164.04275681292185,168.00209055003162,224441400
2025-09-08,168.2820281982422,170.93159698121408,167.32219627229085,167.5221599855096,163769100
2025-09-09,170.7316131591797,170.95157781434446,166.71229229208453,169.0618925540675,157548400
2025-09-10,177.300537109375,179.26020289704138,175.44084555219968,176.61064931709572,226852000
2025-09-11,177.1505584716797,180.26021784214308,176.4606317396978,179.66027757334626,151159300
2025-09-12,177.80047607421875,178.5803891806412,176.43061617633268,177.75047851465564,124911000
2025-09-15,177.73048400878906,178.830369337568,174.49083425075145,175.65071055071581,147061600
2025-09-16,174.86080932617188,177.4805168617991,174.36086420825131,176.98057174387853,140737800
2025-09-17,170.27130126953125,173.18098551277336,168.39151800406466,172.62104942275718,211843800
2025-09-18,176.2206573486328,177.08056354559588,172.94101865721873,173.96089569350613,191763300
2025-09-19,176.6505889892578,178.06043774665943,175.16074718989944,175.7506939671915,237182100
2025-09-22,183.58984375,184.52974299714734,174.69082690233378,175.28075846993005,269637000
2025-09-23,178.410400390625,182.3999677661597,176.19065819152993,181.95002022927713,192559600
2025-09-24,176.9505615234375,179.76025041106172,175.38072666046574,179.75025700209653,143564100
2025-09-25,177.67050170898438,180.2402117285651,173.11100459099512,174.4608472798892,191586700
2025-09-26,178.17044067382812,179.750269051669,174.91078879333958,178.15043859744398,148573700
2025-09-29,181.83004760742188,183.97980553666213,180.30021674934378,180.41019002973698,193063500
2025-09-30,186.55950927734375,187.32942897828707,181.4600633204032,182.06000352373024,236981000
2025-10-01,187.21945190429688,188.11934700723293,183.87980694521147,185.21967144700423,173844900
2025-10-02,188.8692626953125,191.0290292282152,188.03935198339767,189.57919146332628,136805800
2025-10-03,187.59939575195312,190.33910041164867,185.35965145286306,189.1692307003317,137596900
2025-10-06,185.51962280273438,187.20943969833962,183.3098739831843,185.4796339074747,157678100
2025-10-07,185.01968383789062,189.03924688644503,183.97980469837793,186.20955566811082,140088000
2025-10-08,189.0892333984375,189.57918508139647,186.51950830089396,186.5495190429729,130168900
2025-10-09,192.54885864257812,195.27855455286462,191.039014711271,192.20888438710807,182997200
2025-10-10,183.139892578125,195.59851591827854,182.03001384654092,193.4887469873255,268774400
2025-10-13,188.29933166503906,190.08912842775598,185.93959015922437,187.9493639887039,153482800
2025-10-14,180.01022338867188,184.77970370013514,179.6802578066599,184.74970821605342,205641400
2025-10-15,179.8102569580078,184.84969686580231,177.2705272995106,184.77971248532194,214450500
2025-10-16,181.7900390625,183.2598789113643,179.75026972003684,182.20999112544493,179723300
2025-10-17,183.19989013671875,184.07979842608083,179.7302697995737,180.1602152773484,173135200
2025-10-20,182.6199493408203,185.1796658652692,181.7100455780644,183.10990104163824,128544700
2025-10-21,181.14010620117188,182.76991679751694,179.7802549646251,182.76991679751694,124240200
2025-10-22,180.2602081298828,183.4198648953589,176.74059027394597,181.12011433169937,162249600
2025-10-23,182.13999938964844,183.0098989665471,179.7702492811968,180.4001849787377,111363700
2025-10-24,186.23953247070312,187.44940625639555,183.47984116964938,183.81980015643103,131296700
2025-10-27,191.46897888183594,191.97891738858848,188.4093020699799,189.9691435897376,153452700
2025-10-28,201.0079345703125,203.12769700573313,191.8889404255143,193.0288146936141,297986200
2025-10-29,207.01727294921875,212.1667169482571,204.7575264516481,207.95717223581016,308829600
2025-10-30,202.8677215576172,206.13736677538768,201.38788833732997,205.12746791137428,178864400
2025-10-31,202.4677734375,207.94716749796044,202.04782138155986,206.42733011185774,179802200
2025-11-03,206.85728454589844,211.31678618801203,205.53742218982754,208.05714970598171,180267300
2025-11-04,198.66818237304688,203.9476013046771,197.90825607143535,202.9777066091775,188919300
2025-11-05,195.18858337402344,202.89772869539195,194.6286320152979,198.7481902403631,171350300
2025-11-06,188.05935668945312,197.59830279082226,186.35954634625867,196.39843756369172,223029800
2025-11-07,188.1293487548828,188.29934352754728,178.8903723972709,184.87970536775757,264942300
2025-11-10,199.0281524658203,199.91805415635875,193.76872011438098,195.08858253564551,198897100
2025-11-11,193.1387939453125,195.3985402959953,191.2789975702345,195.13857433756354,176483300
2025-11-12,193.7787322998047,195.86849924763862,191.1090271797132,195.69851973704638,154935300
2025-11-13,186.8394775390625,191.4189763426968,183.82981362374773,191.02901978717685,207423100
2025-11-14,190.1491241455078,190.98902828114038,180.56018045425046,182.8399289693184,186591900
2025-11-17,186.5795135498047,188.9792438771453,184.29976516169708,185.9495778546046,173628900
2025-11-18,181.340087890625,184.7797126313021,179.6302689297591,183.3598703733926,213598900
2025-11-19,186.49951171875,187.8393608341106,182.80991469001526,184.76969080502667,247246400
2025-11-20,180.6201629638672,195.97847686300787,179.83025642841662,195.92847930218133,343504800
2025-11-21,178.86036682128906,184.5397359279593,172.91100782704066,181.22010834266524,346926200
2025-11-24,182.52996826171875,183.4798609481747,176.4606271183833,179.47030653663683,256618300
2025-11-25,177.80047607421875,178.14043506786686,169.53138015579162,174.89079203873564,320600300
2025-11-26,180.24020385742188,182.8899220695924,178.22043661727494,181.6100638206842,183852000
2025-11-28,176.98056030273438,179.2703020816569,176.48061521713345,178.99033405428943,121332800
2025-12-01,179.90025329589844,180.2802164760195,173.66093259662904,174.7408159055669,188131000
2025-12-02,181.44007873535156,185.63961443898967,179.98023235974816,181.7400335835938,182632200
2025-12-03,179.57028198242188,182.4299686383783,179.09033894604931,181.06012391136443,165138000
2025-12-04,183.37008666992188,184.51002440204854,179.95027347354184,181.61017209543593,167364900
2025-12-05,182.40013122558594,184.6500094505641,180.9002124089338,183.88004685245298,143971100
2025-12-08,185.5399627685547,187.98982714518382,182.39012406320575,182.6301165694494,204378100
2025-12-09,184.95999145507812,185.70995086836587,183.31008684903045,185.54995586495326,144719700
2025-12-10,183.77005004882812,185.46995496958337,182.03013874897007,184.9599880707457,162785400
2025-12-11,180.92019653320312,181.31019006496976,176.61043233199788,180.27023782951787,182136600
2025-12-12,175.01052856445312,182.81010931847595,174.61054106596097,181.10019518559332,204274900
2025-12-15,176.28045654296875,178.4103461991077,175.02053019793698,177.93037643785232,164775600
2025-12-16,177.71038818359375,178.48035080582065,174.8905333961456,176.25046044282257,148588100
2025-12-17,170.93075561523438,176.12047730871902,170.30078481189744,176.0904801521757,222775500
2025-12-18,174.1305694580078,176.14045512074784,171.8107030234881,174.52054772862792,176096000
2025-12-19,180.98020935058594,181.4401759084778,176.3304518785618,176.6604358481607,324925900
2025-12-22,183.6800537109375,184.15002947616998,182.34012994783166,183.91003698180788,129064400
2025-12-23,189.19976806640625,189.31975669034466,182.89009670029142,182.96010023623109,174873600
2025-12-24,188.59979248046875,188.899779295176,186.57989753660073,187.92983057380172,65528500
2025-12-26,190.51968383789062,192.67957056140054,187.98982202804387,189.9097162518428,139740300
2025-12-29,188.20980834960938,188.749772392931,185.8999358866866,187.6998414610299,120006100
2025-12-30,187.52984619140625,188.9797799436452,186.91987858592935,188.22982052336855,97687300
2025-12-31,186.4899139404297,190.54969193131708,186.47991997410415,189.55975523635485,120100500
2026-01-02,188.83978271484375,192.91954841717475,188.24980305842183,189.82971935613102,148240500
2026-01-05,188.1098175048828,193.61952916959007,186.13992286460274,191.74961996436147,183529700
2026-01-06,187.22987365722656,192.15959956375178,186.80989821500853,190.50969495089785,176862600
2026-01-07,189.09976196289062,191.35963411085106,186.54989697142676,188.55979791265688,153543200
2026-01-08,185.0299835205078,189.53974931649188,183.70006889406122,189.09977067708235,172457000
2026-01-09,184.84999084472656,186.32990643372668,183.66005283935564,185.06998015284367,131327500
2026-01-12,184.92999267578125,187.10986736077922,183.010098425574,183.2100845491025,137968500
2026-01-13,185.79994201660156,188.0998205983224,183.3900687774691,184.9899882929175,160128900
2026-01-14,183.1300811767578,184.45001701406107,180.79021156477043,184.3100252062831,159586100
2026-01-15,187.03988647460938,189.6897370464893,186.31992419508657,186.48991316970114,206188600
2026-01-16,186.21990966796875,190.4296883714215,186.06992389502736,189.06976141755646,187967200
2026-01-20,178.06036376953125,182.37012791600927,177.60038196777572,181.89014292514364,223345300
2026-01-21,183.31008911132812,185.3699752173061,178.3903418724365,179.04031586008543,200381000
2026-01-22,184.82998657226562,186.15991637882954,183.92003219020145,184.7399951080077,139636600
2026-01-23,187.6598358154297,189.58973923983262,186.80989099781206,187.48984685190618,142748100
2026-01-26,186.4599151611328,189.1097657209082,185.97994539629804,187.1498802806874,124799600
2026-01-27,188.50979614257812,189.9897117301412,185.6899415183402,187.22986667366473,143711600
2026-01-28,191.5096435546875,192.33960048487265,189.82972650403363,191.25965707901594,148552700
2026-01-29,192.49957275390625,193.46952146246272,186.04992498376654,191.32963792417547,171764400
2026-01-30,191.11965942382812,194.47947816452233,189.45974561417185,191.19965692455457,179489500
2026-02-02,185.59996032714844,190.2897090701948,184.87000408758857,187.1898706566695,165794100
2026-02-03,180.33023071289062,186.25991753048794,176.22045266395375,186.22992037566058,204019600
2026-02-04,174.18057250976562,179.57028010697434,171.90069716024271,179.45029148582987,207014100
2026-02-05,171.87069702148438,176.81043194569037,171.020736948564,174.92051964769362,206312900
2026-02-06,185.39996337890625,186.98987361565233,174.59055120100808,176.6804343618602,231346200
2026-02-09,190.0297088623047,193.64952333361757,183.9400420976916,184.25002288009932,196387400
2026-02-10,188.52978515625,192.46957427391544,188.10980972728564,191.36964298604585,136764800
2026-02-11,190.0397186279297,193.24953637655122,188.75978911487715,192.43958265041238,144192700
2026-02-12,186.9298858642578,193.5995230748733,186.49990120030046,193.01955263160718,189932500
2026-02-13,182.80010986328125,187.4898586352177,181.58017462912434,187.4698554447334,161888000
2026-02-17,184.95999145507812,187.13986615921206,179.17029624003743,181.74016448672575,162276900
2026-02-18,187.96981811523438,190.3596881055438,186.7498829478333,188.73978069812654,164749100
2026-02-19,187.88983154296875,188.41980165789556,185.64996245587088,187.04988063530703,126554500
2026-02-20,189.8097381591797,190.31970507557438,185.92994318264132,186.5599139825128,178422300
2026-02-23,191.53964233398438,193.93950641757905,189.56974766836524,191.3896412925324,171584800
2026-02-24,192.83956909179688,193.75951747058733,187.38985183856119,191.47964208446245,175123600
2026-02-25,195.54940795898438,197.61930319203404,193.77949953248776,194.43946745531196,250637100
2026-02-26,184.87998962402344,194.27947461393586,184.31002841741252,194.25948668244985,360807900
2026-02-27,177.180419921875,182.5801217841234,176.3704661683341,181.2401979138715,311636500
2026-03-02,182.47012329101562,183.45008125730604,174.63055110847353,175.00052620838028,209095300
2026-03-03,180.04025268554688,180.8901975001603,176.91041730394699,178.4803396065267,178099400
2026-03-04,183.03009033203125,184.69000418349444,180.0502558302461,180.4302401537762,177731200
2026-03-05,183.330078125,184.05004039552568,177.87038204113773,181.1601973472636,198779700
2026-03-06,177.8103790283203,182.7500987288974,176.81043317462274,179.83025866705609,189021900
2026-03-09,182.64010620117188,182.90010189125664,175.55049367782217,176.82042919903367,177213600
2026-03-10,184.760009765625,186.42991760168223,182.00014929336922,182.39012758732315,179118500
2026-03-11,186.02999877929688,187.6199951171875,184.4499969482422,185.91000366210938,145280400
2026-03-12,183.13999938964844,184.94000244140625,181.75,184.0500030517578,155762700
2026-03-13,180.25,186.08999633789062,179.94000244140625,184.9199981689453,160988400
2026-03-16,183.22000122070312,188.8800048828125,181.41000366210938,182.97000122070312,217307400
2026-03-17,181.92999267578125,185.39999389648438,181.67999267578125,185.05999755859375,182497800
2026-03-18,180.39999389648438,183.3800048828125,180.3300018310547,182.47999572753906,156683100
2026-03-19,178.55999755859375,179.97999572753906,175.7899932861328,178.00999450683594,170968500
2026-03-20,172.6999969482422,178.25999450683594,171.72000122070312,178.0,241323500
2026-03-23,175.63999938964844,178.3699951171875,174.75999450683594,177.25999450683594,182836300
2026-03-24,175.1999969482422,176.22000122070312,173.97999572753906,174.8300018310547,147667800
2026-03-25,178.67999267578125,181.22000122070312,176.85000610351562,177.10000610351562,162602100
2026-03-26,171.24000549316406,176.50999450683594,171.13999938964844,176.07000732421875,186152200
2026-03-27,167.52000427246094,170.97000122070312,167.00999450683594,170.0,196212700
2026-03-30,165.1699981689453,169.4499969482422,164.27000427246094,168.77999877929688,185627000
2026-03-31,174.39999389648438,174.6199951171875,166.9600067138672,166.97000122070312,226181300
2026-04-01,175.75,177.3699951171875,174.75,176.0,168132000
2026-04-02,177.38999938964844,177.49000549316406,171.3699951171875,172.17999267578125,143143200
2026-04-06,177.63999938964844,177.7899932861328,175.75999450683594,177.16000366210938,107564300
2026-04-07,178.10000610351562,178.22999572753906,173.66000366210938,175.72999572753906,132534900
2026-04-08,182.0800018310547,185.25999450683594,180.3000030517578,184.5,147732700
2026-04-09,183.91000366210938,184.0800018310547,180.6199951171875,181.83999633789062,116428500
2026-04-10,188.6300048828125,190.0,184.3000030517578,184.30999755859375,160459500
2026-04-13,189.30999755859375,189.66000366210938,185.74000549316406,186.02999877929688,133648200
2026-04-14,196.50999450683594,196.50999450683594,190.77000427246094,190.83999633789062,161307000
2026-04-15,198.8699951171875,200.39999389648438,195.74000549316406,196.5399932861328,185338400
2026-04-16,198.35000610351562,199.85000610351562,195.80999755859375,197.42999267578125,134012900
2026-04-17,201.67999267578125,201.6999969482422,199.27000427246094,199.89999389648438,160324400
2026-04-20,202.05999755859375,202.1699981689453,197.83999633789062,199.97999572753906,119381400
2026-04-21,199.8800048828125,202.75,199.0,202.1300048828125,107945300
2026-04-22,202.5,202.5,199.0,200.99000549316406,107501000
2026-04-23,199.63999938964844,203.8300018310547,197.22000122070312,202.4600067138672,113561800
2026-04-24,208.27000427246094,210.9499969482422,199.80999755859375,199.9600067138672,214134400
2026-04-27,216.61000061035156,216.8300018310547,207.3800048828125,209.64999389648438,187172400
2026-04-28,213.1699981689453,214.72999572753906,208.1999969482422,209.49000549316406,180275400
2026-04-29,209.25,212.72000122070312,207.5800018310547,212.6999969482422,123711800
2026-04-30,199.57000732421875,210.3000030517578,198.6999969482422,209.92999267578125,225239200
2026-05-01,198.4499969482422,203.0,197.1199951171875,201.27999877929688,128647000
2026-05-04,198.47999572753906,201.72999572753906,194.74000549316406,199.5,125368100
2026-05-05,196.5,200.24000549316406,196.02999877929688,199.3000030517578,113406600
2026-05-06,207.8300018310547,208.27000427246094,198.61000061035156,199.88999938964844,188362800
2026-05-07,211.5,214.1999969482422,206.5,208.33999633789062,168307900
2026-05-08,215.1999969482422,217.8000030517578,212.88999938964844,213.02999877929688,136421400
2026-05-11,219.44000244140625,222.3000030517578,213.88999938964844,214.0399932861328,160685800
2026-05-12,220.77999877929688,223.75,214.9199981689453,218.5500030517578,159176600
2026-05-13,225.8300018310547,227.83999633789062,221.57000732421875,224.92999267578125,150405400
2026-05-14,235.74000549316406,236.5399932861328,229.3000030517578,229.85000610351562,180782900
2026-05-15,225.32000732421875,231.5,224.24000549316406,229.75999450683594,180977600
2026-05-18,222.32000732421875,230.0,218.3699951171875,229.8699951171875,146280900
2026-05-19,220.61000061035156,224.47999572753906,217.91000366210938,219.6199951171875,140948200
2026-05-20,223.47000122070312,226.1300048828125,220.5,223.17999267578125,184201600
2026-05-21,219.50999450683594,227.39999389648438,217.92999267578125,222.2899932861328,203381800
2026-05-22,215.3300018310547,221.00999450683594,214.8000030517578,220.89999389648438,169275700
2026-05-26,214.86000061035156,218.17999267578125,212.0,216.5399932861328,187202600
2026-05-27,212.60000610351562,214.14999389648438,208.77999877929688,214.1199951171875,167601200
2026-05-28,214.25,215.52000427246094,211.22000122070312,211.27999877929688,143996000
2026-05-29,211.13999938964844,217.86000061035156,211.1300048828125,214.5800018310547,289410600
2026-06-01,224.36000061035156,224.8699951171875,215.6999969482422,215.72999572753906,212850700
2026-06-02,222.82000732421875,232.27999877929688,221.35000610351562,227.17999267578125,193362900
2026-06-03,214.75,222.82000732421875,214.50999450683594,221.72000122070312,160907000
2026-06-04,218.66000366210938,221.60000610351562,210.97000122070312,213.91000366210938,169022200
2026-06-05,205.10000610351562,214.8699951171875,204.3300018310547,214.52999877929688,219655500
2026-06-08,208.63999938964844,210.47000122070312,206.0,210.17999267578125,138372800
2026-06-09,208.19000244140625,211.39999389648438,199.33999633789062,210.6199951171875,180962500
2026-06-10,200.4199981689453,207.22000122070312,199.9199981689453,204.42999267578125,161746600
2026-06-11,204.8699951171875,205.66000366210938,199.5399932861328,201.49000549316406,158643200
2026-06-12,205.19000244140625,207.07000732421875,203.44000244140625,204.86000061035156,112001800
2026-06-15,212.4499969482422,212.7100067138672,208.33999633789062,208.9199981689453,149936700
2026-06-16,207.41000366210938,211.49000549316406,207.2899932861328,211.17999267578125,125694100
2026-06-17,204.64999389648438,209.2100067138672,203.0800018310547,208.52999877929688,128363500
2026-06-18,210.69000244140625,211.38999938964844,206.5,207.3300018310547,241272000
2026-06-22,208.64999389648438,213.99000549316406,207.72000122070312,211.44000244140625,122041400
2026-06-23,200.0399932861328,203.77000427246094,200.0,202.1699981689453,153496200
2026-06-24,199.0,201.6699981689453,196.5800018310547,200.1199951171875,151810700
2026-06-25,195.74000549316406,200.8000030517578,192.1300048828125,200.0800018310547,149550000
2026-06-26,192.52999877929688,195.5500030517578,191.22000122070312,193.1199951171875,179304100
2026-06-29,194.97000122070312,196.17999267578125,189.8000030517578,193.85000610351562,148835700
2026-06-30,200.08999633789062,200.6300048828125,195.11000061035156,197.24000549316406,166476700
2026-07-01,197.5800018310547,199.85000610351562,193.4499969482422,196.1999969482422,146147600
2026-07-02,194.8300018310547,200.05999755859375,192.35000610351562,197.13999938964844,142068700
2026-07-06,195.5500030517578,197.5500030517578,193.99000549316406,194.4199981689453,108999000
2026-07-07,196.92999267578125,198.41000366210938,191.13999938964844,192.3699951171875,124154600
2026-07-08,204.1199951171875,205.14999389648438,195.10499572753906,195.1300048828125,145806099
